Fecha,Hora,Aerolínea y vuelo,Origen,Destino,Estado,T. max. (°C) (Hora),T. min. (°C) (Hora),T. media (°C),Racha (km/h) (Hora),V. max. (km/h) (Hora),Pr. 00 - 24h (mm),Pr. 00 - 06h (mm),Pr. 06 - 12h (mm),Pr. 12 - 18h (mm),Pr. 18 - 24h (mm)
07/11/2025,09:25,Ryanair  - FR2542,Memmingen Allgau Airport (FMM),Aeropuerto de Málaga (AGP),Retrasado,23.0(15:10),11.8(07:40),17.4,45(12:00),33(12:10),0.0,0.0,0.0,0.0,0.0
06/11/2025,09:10,Vueling Airlines - VY2111,Josep Tarradellas Barcelona–El Prat Airport (BCN),Aeropuerto de Málaga (AGP),Cancelado,21.4(15:10),13.5(23:59),17.4,52(13:10),34(14:10),0.0,0.0,0.0,0.0,0.0
06/11/2025,09:10,Qatar Airways - QR3527,Josep Tarradellas Barcelona–El Prat Airport (BCN),Aeropuerto de Málaga (AGP),Cancelado,21.4(15:10),13.5(23:59),17.4,52(13:10),34(14:10),0.0,0.0,0.0,0.0,0.0
06/11/2025,09:10,Iberia Airlines - IB5145,Josep Tarradellas Barcelona–El Prat Airport (BCN),Aeropuerto de Málaga (AGP),Cancelado,21.4(15:10),13.5(23:59),17.4,52(13:10),34(14:10),0.0,0.0,0.0,0.0,0.0
05/11/2025,06:05,SAS Scandinavian Airlines - SK1583,Stockholm-Arlanda Airport (ARN),Aeropuerto de Málaga (AGP),Cancelado,22.4(14:40),15.4(23:59),18.9,30(21:40),18(14:50),7.6,0.0,0.0,0.0,7.6
04/11/2025,20:35,Vueling Airlines - VY2151,Aeropuertos de Bruselas (BRU),Aeropuerto de Málaga (AGP),Cancelado,22.7(13:00),14.8(05:30),18.8,28(12:50),15(01:40),0.0,0.0,0.0,0.0,0.0
04/11/2025,18:35,Malta air - FR2609,Glasgow International Airport (GLA),Aeropuerto de Málaga (AGP),Retrasado,22.7(13:00),14.8(05:30),18.8,28(12:50),15(01:40),0.0,0.0,0.0,0.0,0.0
09/11/2025,13:00,Avianca - AV6146,Aeropuerto Adolfo Suárez Madrid-Barajas (MAD),Josep Tarradellas Barcelona–El Prat Airport (BCN),Cancelado,17.8(13:10),11.1(08:00),14.4,39(11:00),27(10:50),0.00.0,0.0,0.0,0.0,0.0
09/11/2025,13:00,LATAM Airlines Group - LA5401,Aeropuerto Adolfo Suárez Madrid-Barajas (MAD),Josep Tarradellas Barcelona–El Prat Airport (BCN),Cancelado,17.8(13:10),11.1(08:00),14.4,39(11:00),27(10:50),0.00.0,0.0,0.0,0.0,0.0
09/11/2025,13:00,Cathay Pacific - CX1841,Aeropuerto Adolfo Suárez Madrid-Barajas (MAD),Josep Tarradellas Barcelona–El Prat Airport (BCN),Cancelado,17.8(13:10),11.1(08:00),14.4,39(11:00),27(10:50),0.00.0,0.0,0.0,0.0,0.0
08/11/2025,14:25,Vueling Airlines - VY2013,Aeropuerto Federico García Lorca (GRX),Josep Tarradellas Barcelona–El Prat Airport (BCN),Retrasado,18.1(15:30),11.8(22:40),15.0,46(01:50),20(03:20),0.0,0.0,0.0,0.0,0.0
08/11/2025,14:25,Iberia Airlines - IB5335,Aeropuerto Federico García Lorca (GRX),Josep Tarradellas Barcelona–El Prat Airport (BCN),Retrasado,18.1(15:30),11.8(22:40),15.0,46(01:50),20(03:20),0.0,0.0,0.0,0.0,0.0
08/11/2025,14:25,Qatar Airways - QR3683,Aeropuerto Federico García Lorca (GRX),Josep Tarradellas Barcelona–El Prat Airport (BCN),Retrasado,18.1(15:30),11.8(22:40),15.0,46(01:50),20(03:20),0.0,0.0,0.0,0.0,0.0
08/11/2025,14:25,Vueling Airlines - VY2013,Aeropuerto Federico García Lorca (GRX),Josep Tarradellas Barcelona–El Prat Airport (BCN),Retrasado,18.1(15:30),11.8(22:40),15.0,46(01:50),20(03:20),0.0,0.0,0.0,0.0,0.0
08/11/2025,11:55,Iberia Airlines - IB2606,Comodoro Arturo Merino Benítez International Airport (SCL),Josep Tarradellas Barcelona–El Prat Airport (BCN),Cancelado,18.1(15:30),11.8(22:40),15.0,46(01:50),20(03:20),0.0,0.0,0.0,0.0,0.0
08/11/2025,11:55,Qatar Airways - QR5367,Comodoro Arturo Merino Benítez International Airport (SCL),Josep Tarradellas Barcelona–El Prat Airport (BCN),Cancelado,18.1(15:30),11.8(22:40),15.0,46(01:50),20(03:20),0.0,0.0,0.0,0.0,0.0
08/11/2025,11:55,Vueling Airlines - VY9786,Comodoro Arturo Merino Benítez International Airport (SCL),Josep Tarradellas Barcelona–El Prat Airport (BCN),Cancelado,18.1(15:30),11.8(22:40),15.0,46(01:50),20(03:20),0.0,0.0,0.0,0.0,0.0
08/11/2025,08:25,Vueling Airlines - VY3901,Aeropuerto de Palma De Mallorca (PMI),Josep Tarradellas Barcelona–El Prat Airport (BCN),Retrasado,18.1(15:30),11.8(22:40),15.0,46(01:50),20(03:20),0.0,0.0,0.0,0.0,0.0
08/11/2025,08:25,Vueling Airlines - VY3901,Aeropuerto de Palma De Mallorca (PMI),Josep Tarradellas Barcelona–El Prat Airport (BCN),Retrasado,18.1(15:30),11.8(22:40),15.0,46(01:50),20(03:20),0.0,0.0,0.0,0.0,0.0
08/11/2025,08:25,LATAM Airlines Group - LA5885,Aeropuerto de Palma De Mallorca (PMI),Josep Tarradellas Barcelona–El Prat Airport (BCN),Retrasado,18.1(15:30),11.8(22:40),15.0,46(01:50),20(03:20),0.0,0.0,0.0,0.0,0.0
08/11/2025,08:25,Qatar Airways - QR3688,Aeropuerto de Palma De Mallorca (PMI),Josep Tarradellas Barcelona–El Prat Airport (BCN),Retrasado,18.1(15:30),11.8(22:40),15.0,46(01:50),20(03:20),0.0,0.0,0.0,0.0,0.0
08/11/2025,08:25,Iberia Airlines - IB5322,Aeropuerto de Palma De Mallorca (PMI),Josep Tarradellas Barcelona–El Prat Airport (BCN),Retrasado,18.1(15:30),11.8(22:40),15.0,46(01:50),20(03:20),0.0,0.0,0.0,0.0,0.0
07/11/2025,20:10,Vueling Airlines - VY3509,Aeropuerto de Ibiza (IBZ),Josep Tarradellas Barcelona–El Prat Airport (BCN),Retrasado,20.8(15:50),12.0(06:30),16.4,37(06:50),20(09:20),0.0,0.0,0.0,0.0,0.0
07/11/2025,20:10,Qatar Airways - QR3520,Aeropuerto de Ibiza (IBZ),Josep Tarradellas Barcelona–El Prat Airport (BCN),Retrasado,20.8(15:50),12.0(06:30),16.4,37(06:50),20(09:20),0.0,0.0,0.0,0.0,0.0
07/11/2025,20:10,Iberia Airlines - IB5070,Aeropuerto de Ibiza (IBZ),Josep Tarradellas Barcelona–El Prat Airport (BCN),Retrasado,20.8(15:50),12.0(06:30),16.4,37(06:50),20(09:20),0.0,0.0,0.0,0.0,0.0
07/11/2025,20:10,Vueling Airlines - VY3509,Aeropuerto de Ibiza (IBZ),Josep Tarradellas Barcelona–El Prat Airport (BCN),Retrasado,20.8(15:50),12.0(06:30),16.4,37(06:50),20(09:20),0.0,0.0,0.0,0.0,0.0
07/11/2025,16:55,American Airlines - AA8857,Aeropuerto de Sevilla (SVQ),Josep Tarradellas Barcelona–El Prat Airport (BCN),Retrasado,20.8(15:50),12.0(06:30),16.4,37(06:50),20(09:20),0.0,0.0,0.0,0.0,0.0
07/11/2025,16:55,Iberia Airlines - IB5167,Aeropuerto de Sevilla (SVQ),Josep Tarradellas Barcelona–El Prat Airport (BCN),Retrasado,20.8(15:50),12.0(06:30),16.4,37(06:50),20(09:20),0.0,0.0,0.0,0.0,0.0
07/11/2025,16:55,Qatar Airways - QR3759,Aeropuerto de Sevilla (SVQ),Josep Tarradellas Barcelona–El Prat Airport (BCN),Retrasado,20.8(15:50),12.0(06:30),16.4,37(06:50),20(09:20),0.0,0.0,0.0,0.0,0.0
07/11/2025,16:55,Vueling Airlines - VY2217,Aeropuerto de Sevilla (SVQ),Josep Tarradellas Barcelona–El Prat Airport (BCN),Retrasado,20.8(15:50),12.0(06:30),16.4,37(06:50),20(09:20),0.0,0.0,0.0,0.0,0.0
07/11/2025,15:50,Vueling Airlines - VY1885,"Berlin Brandenburg Airport ""Willy Brandt"" (BER)",Josep Tarradellas Barcelona–El Prat Airport (BCN),Retrasado,20.8(15:50),12.0(06:30),16.4,37(06:50),20(09:20),0.0,0.0,0.0,0.0,0.0
07/11/2025,15:50,Vueling Airlines - VY1885,"Berlin Brandenburg Airport ""Willy Brandt"" (BER)",Josep Tarradellas Barcelona–El Prat Airport (BCN),Retrasado,20.8(15:50),12.0(06:30),16.4,37(06:50),20(09:20),0.0,0.0,0.0,0.0,0.0
07/11/2025,15:50,Iberia Airlines - IB5313,"Berlin Brandenburg Airport ""Willy Brandt"" (BER)",Josep Tarradellas Barcelona–El Prat Airport (BCN),Retrasado,20.8(15:50),12.0(06:30),16.4,37(06:50),20(09:20),0.0,0.0,0.0,0.0,0.0
07/11/2025,15:50,Qatar Airways - QR4711,"Berlin Brandenburg Airport ""Willy Brandt"" (BER)",Josep Tarradellas Barcelona–El Prat Airport (BCN),Retrasado,20.8(15:50),12.0(06:30),16.4,37(06:50),20(09:20),0.0,0.0,0.0,0.0,0.0
07/11/2025,14:45,Vueling Airlines - VY6515,Turin Airport (TRN),Josep Tarradellas Barcelona–El Prat Airport (BCN),Cancelado,20.8(15:50),12.0(06:30),16.4,37(06:50),20(09:20),0.0,0.0,0.0,0.0,0.0
07/11/2025,14:45,Iberia Airlines - IB5696,Turin Airport (TRN),Josep Tarradellas Barcelona–El Prat Airport (BCN),Cancelado,20.8(15:50),12.0(06:30),16.4,37(06:50),20(09:20),0.0,0.0,0.0,0.0,0.0
06/11/2025,20:05,American Airlines - AA8861,Aeropuerto de Sevilla (SVQ),Josep Tarradellas Barcelona–El Prat Airport (BCN),Cancelado,20.3(06:50),13.1(09:00),16.7,46(08:10),30(15:20),12.5,0.0,12.5,0.0,0.0
06/11/2025,20:05,Qatar Airways - QR3545,Aeropuerto de Sevilla (SVQ),Josep Tarradellas Barcelona–El Prat Airport (BCN),Cancelado,20.3(06:50),13.1(09:00),16.7,46(08:10),30(15:20),12.5,0.0,12.5,0.0,0.0
06/11/2025,20:05,Vueling Airlines - VY2221,Aeropuerto de Sevilla (SVQ),Josep Tarradellas Barcelona–El Prat Airport (BCN),Cancelado,20.3(06:50),13.1(09:00),16.7,46(08:10),30(15:20),12.5,0.0,12.5,0.0,0.0
06/11/2025,20:05,Iberia Airlines - IB5171,Aeropuerto de Sevilla (SVQ),Josep Tarradellas Barcelona–El Prat Airport (BCN),Cancelado,20.3(06:50),13.1(09:00),16.7,46(08:10),30(15:20),12.5,0.0,12.5,0.0,0.0
06/11/2025,15:35,Vueling Airlines - VY8987,Aeropuertos de Bruselas (BRU),Josep Tarradellas Barcelona–El Prat Airport (BCN),Cancelado,20.3(06:50),13.1(09:00),16.7,46(08:10),30(15:20),12.5,0.0,12.5,0.0,0.0
06/11/2025,15:35,Iberia Airlines - IB5037,Aeropuertos de Bruselas (BRU),Josep Tarradellas Barcelona–El Prat Airport (BCN),Cancelado,20.3(06:50),13.1(09:00),16.7,46(08:10),30(15:20),12.5,0.0,12.5,0.0,0.0
06/11/2025,15:25,Vueling Airlines - VY8245,Aeropuerto de París Charles de Gaulle (CDG),Josep Tarradellas Barcelona–El Prat Airport (BCN),Cancelado,20.3(06:50),13.1(09:00),16.7,46(08:10),30(15:20),12.5,0.0,12.5,0.0,0.0
06/11/2025,15:25,Iberia Airlines - IB5041,Aeropuerto de París Charles de Gaulle (CDG),Josep Tarradellas Barcelona–El Prat Airport (BCN),Cancelado,20.3(06:50),13.1(09:00),16.7,46(08:10),30(15:20),12.5,0.0,12.5,0.0,0.0
06/11/2025,15:25,Qatar Airways - QR3547,Aeropuerto de París Charles de Gaulle (CDG),Josep Tarradellas Barcelona–El Prat Airport (BCN),Cancelado,20.3(06:50),13.1(09:00),16.7,46(08:10),30(15:20),12.5,0.0,12.5,0.0,0.0
06/11/2025,15:00,Iberia Airlines - IB5767,Malpensa International Airport (MXP),Josep Tarradellas Barcelona–El Prat Airport (BCN),Cancelado,20.3(06:50),13.1(09:00),16.7,46(08:10),30(15:20),12.5,0.0,12.5,0.0,0.0
06/11/2025,15:00,Vueling Airlines - VY6339,Malpensa International Airport (MXP),Josep Tarradellas Barcelona–El Prat Airport (BCN),Cancelado,20.3(06:50),13.1(09:00),16.7,46(08:10),30(15:20),12.5,0.0,12.5,0.0,0.0
06/11/2025,15:00,Qatar Airways - QR3750,Malpensa International Airport (MXP),Josep Tarradellas Barcelona–El Prat Airport (BCN),Cancelado,20.3(06:50),13.1(09:00),16.7,46(08:10),30(15:20),12.5,0.0,12.5,0.0,0.0
06/11/2025,14:25,Qatar Airways - QR3692,Aeropuerto de Sevilla (SVQ),Josep Tarradellas Barcelona–El Prat Airport (BCN),Cancelado,20.3(06:50),13.1(09:00),16.7,46(08:10),30(15:20),12.5,0.0,12.5,0.0,0.0
06/11/2025,14:25,American Airlines - AA8855,Aeropuerto de Sevilla (SVQ),Josep Tarradellas Barcelona–El Prat Airport (BCN),Cancelado,20.3(06:50),13.1(09:00),16.7,46(08:10),30(15:20),12.5,0.0,12.5,0.0,0.0
06/11/2025,14:25,Iberia Airlines - IB5165,Aeropuerto de Sevilla (SVQ),Josep Tarradellas Barcelona–El Prat Airport (BCN),Cancelado,20.3(06:50),13.1(09:00),16.7,46(08:10),30(15:20),12.5,0.0,12.5,0.0,0.0
06/11/2025,14:25,Vueling Airlines - VY2215,Aeropuerto de Sevilla (SVQ),Josep Tarradellas Barcelona–El Prat Airport (BCN),Cancelado,20.3(06:50),13.1(09:00),16.7,46(08:10),30(15:20),12.5,0.0,12.5,0.0,0.0
06/11/2025,14:25,Iberia Airlines - IB5335,Aeropuerto Federico García Lorca (GRX),Josep Tarradellas Barcelona–El Prat Airport (BCN),Cancelado,20.3(06:50),13.1(09:00),16.7,46(08:10),30(15:20),12.5,0.0,12.5,0.0,0.0
06/11/2025,14:25,Qatar Airways - QR3683,Aeropuerto Federico García Lorca (GRX),Josep Tarradellas Barcelona–El Prat Airport (BCN),Cancelado,20.3(06:50),13.1(09:00),16.7,46(08:10),30(15:20),12.5,0.0,12.5,0.0,0.0
06/11/2025,14:25,Vueling Airlines - VY2013,Aeropuerto Federico García Lorca (GRX),Josep Tarradellas Barcelona–El Prat Airport (BCN),Cancelado,20.3(06:50),13.1(09:00),16.7,46(08:10),30(15:20),12.5,0.0,12.5,0.0,0.0
06/11/2025,14:05,Vueling Airlines - VY2485,Aeropuerto de San Sebastián (EAS),Josep Tarradellas Barcelona–El Prat Airport (BCN),Cancelado,20.3(06:50),13.1(09:00),16.7,46(08:10),30(15:20),12.5,0.0,12.5,0.0,0.0
06/11/2025,14:05,Iberia Airlines - IB5190,Aeropuerto de San Sebastián (EAS),Josep Tarradellas Barcelona–El Prat Airport (BCN),Cancelado,20.3(06:50),13.1(09:00),16.7,46(08:10),30(15:20),12.5,0.0,12.5,0.0,0.0
06/11/2025,14:05,Qatar Airways - QR3662,Aeropuerto de San Sebastián (EAS),Josep Tarradellas Barcelona–El Prat Airport (BCN),Cancelado,20.3(06:50),13.1(09:00),16.7,46(08:10),30(15:20),12.5,0.0,12.5,0.0,0.0
06/11/2025,13:20,Qatar Airways - QR3792,Aeropuerto Ámsterdam Schiphol (AMS),Josep Tarradellas Barcelona–El Prat Airport (BCN),Cancelado,20.3(06:50),13.1(09:00),16.7,46(08:10),30(15:20),12.5,0.0,12.5,0.0,0.0
06/11/2025,13:20,Iberia Airlines - IB5217,Aeropuerto Ámsterdam Schiphol (AMS),Josep Tarradellas Barcelona–El Prat Airport (BCN),Cancelado,20.3(06:50),13.1(09:00),16.7,46(08:10),30(15:20),12.5,0.0,12.5,0.0,0.0
06/11/2025,13:20,Vueling Airlines - VY8303,Aeropuerto Ámsterdam Schiphol (AMS),Josep Tarradellas Barcelona–El Prat Airport (BCN),Cancelado,20.3(06:50),13.1(09:00),16.7,46(08:10),30(15:20),12.5,0.0,12.5,0.0,0.0
06/11/2025,13:10,Vueling Airlines - VY3909,Aeropuerto de Palma De Mallorca (PMI),Josep Tarradellas Barcelona–El Prat Airport (BCN),Cancelado,20.3(06:50),13.1(09:00),16.7,46(08:10),30(15:20),12.5,0.0,12.5,0.0,0.0
06/11/2025,13:10,Qatar Airways - QR3766,Aeropuerto de Palma De Mallorca (PMI),Josep Tarradellas Barcelona–El Prat Airport (BCN),Cancelado,20.3(06:50),13.1(09:00),16.7,46(08:10),30(15:20),12.5,0.0,12.5,0.0,0.0
06/11/2025,13:10,Iberia Airlines - IB5115,Aeropuerto de Palma De Mallorca (PMI),Josep Tarradellas Barcelona–El Prat Airport (BCN),Cancelado,20.3(06:50),13.1(09:00),16.7,46(08:10),30(15:20),12.5,0.0,12.5,0.0,0.0
06/11/2025,13:00,Vueling Airlines - VY9782,Ministro Pistarini International Airport (EZE),Josep Tarradellas Barcelona–El Prat Airport (BCN),Cancelado,20.3(06:50),13.1(09:00),16.7,46(08:10),30(15:20),12.5,0.0,12.5,0.0,0.0
06/11/2025,13:00,Qatar Airways - QR7230,Ministro Pistarini International Airport (EZE),Josep Tarradellas Barcelona–El Prat Airport (BCN),Cancelado,20.3(06:50),13.1(09:00),16.7,46(08:10),30(15:20),12.5,0.0,12.5,0.0,0.0
06/11/2025,13:00,Iberia Airlines - IB2602,Ministro Pistarini International Airport (EZE),Josep Tarradellas Barcelona–El Prat Airport (BCN),Cancelado,20.3(06:50),13.1(09:00),16.7,46(08:10),30(15:20),12.5,0.0,12.5,0.0,0.0
06/11/2025,12:45,Vueling Airlines - VY7835,London Gatwick Airport (LGW),Josep Tarradellas Barcelona–El Prat Airport (BCN),Cancelado,20.3(06:50),13.1(09:00),16.7,46(08:10),30(15:20),12.5,0.0,12.5,0.0,0.0
06/11/2025,12:45,Iberia Airlines - IB5651,London Gatwick Airport (LGW),Josep Tarradellas Barcelona–El Prat Airport (BCN),Cancelado,20.3(06:50),13.1(09:00),16.7,46(08:10),30(15:20),12.5,0.0,12.5,0.0,0.0
06/11/2025,12:45,British Airways - BA8065,London Gatwick Airport (LGW),Josep Tarradellas Barcelona–El Prat Airport (BCN),Cancelado,20.3(06:50),13.1(09:00),16.7,46(08:10),30(15:20),12.5,0.0,12.5,0.0,0.0
06/11/2025,12:30,British Airways - BA8123,Manchester Airport (MAN),Josep Tarradellas Barcelona–El Prat Airport (BCN),Cancelado,20.3(06:50),13.1(09:00),16.7,46(08:10),30(15:20),12.5,0.0,12.5,0.0,0.0
06/11/2025,12:30,Vueling Airlines - VY8747,Manchester Airport (MAN),Josep Tarradellas Barcelona–El Prat Airport (BCN),Cancelado,20.3(06:50),13.1(09:00),16.7,46(08:10),30(15:20),12.5,0.0,12.5,0.0,0.0
06/11/2025,12:30,Iberia Airlines - IB5757,Manchester Airport (MAN),Josep Tarradellas Barcelona–El Prat Airport (BCN),Cancelado,20.3(06:50),13.1(09:00),16.7,46(08:10),30(15:20),12.5,0.0,12.5,0.0,0.0
06/11/2025,11:55,Vueling Airlines - VY3513,Aeropuerto de Ibiza (IBZ),Josep Tarradellas Barcelona–El Prat Airport (BCN),Cancelado,20.3(06:50),13.1(09:00),16.7,46(08:10),30(15:20),12.5,0.0,12.5,0.0,0.0
06/11/2025,11:55,Qatar Airways - QR3523,Aeropuerto de Ibiza (IBZ),Josep Tarradellas Barcelona–El Prat Airport (BCN),Cancelado,20.3(06:50),13.1(09:00),16.7,46(08:10),30(15:20),12.5,0.0,12.5,0.0,0.0
06/11/2025,11:55,Iberia Airlines - IB5485,Aeropuerto de Ibiza (IBZ),Josep Tarradellas Barcelona–El Prat Airport (BCN),Cancelado,20.3(06:50),13.1(09:00),16.7,46(08:10),30(15:20),12.5,0.0,12.5,0.0,0.0
06/11/2025,11:45,Vueling Airlines - VY6103,Fiumicino Airport (FCO),Josep Tarradellas Barcelona–El Prat Airport (BCN),Cancelado,20.3(06:50),13.1(09:00),16.7,46(08:10),30(15:20),12.5,0.0,12.5,0.0,0.0
06/11/2025,11:45,Iberia Airlines - IB5051,Fiumicino Airport (FCO),Josep Tarradellas Barcelona–El Prat Airport (BCN),Cancelado,20.3(06:50),13.1(09:00),16.7,46(08:10),30(15:20),12.5,0.0,12.5,0.0,0.0
06/11/2025,11:45,LATAM Airlines Group - LA5873,Fiumicino Airport (FCO),Josep Tarradellas Barcelona–El Prat Airport (BCN),Cancelado,20.3(06:50),13.1(09:00),16.7,46(08:10),30(15:20),12.5,0.0,12.5,0.0,0.0
06/11/2025,11:45,Qatar Airways - QR3669,Fiumicino Airport (FCO),Josep Tarradellas Barcelona–El Prat Airport (BCN),Cancelado,20.3(06:50),13.1(09:00),16.7,46(08:10),30(15:20),12.5,0.0,12.5,0.0,0.0
06/11/2025,09:55,Vueling Airlines - VY6651,London Heathrow Airport (LHR),Josep Tarradellas Barcelona–El Prat Airport (BCN),Retrasado,20.3(06:50),13.1(09:00),16.7,46(08:10),30(15:20),12.5,0.0,12.5,0.0,0.0
06/11/2025,09:55,British Airways - BA8078,London Heathrow Airport (LHR),Josep Tarradellas Barcelona–El Prat Airport (BCN),Retrasado,20.3(06:50),13.1(09:00),16.7,46(08:10),30(15:20),12.5,0.0,12.5,0.0,0.0
06/11/2025,09:55,Vueling Airlines - VY6651,London Heathrow Airport (LHR),Josep Tarradellas Barcelona–El Prat Airport (BCN),Retrasado,20.3(06:50),13.1(09:00),16.7,46(08:10),30(15:20),12.5,0.0,12.5,0.0,0.0
06/11/2025,09:55,Iberia Airlines - IB5642,London Heathrow Airport (LHR),Josep Tarradellas Barcelona–El Prat Airport (BCN),Retrasado,20.3(06:50),13.1(09:00),16.7,46(08:10),30(15:20),12.5,0.0,12.5,0.0,0.0
06/11/2025,09:30,Vueling Airlines - VY2211,Aeropuerto de Sevilla (SVQ),Josep Tarradellas Barcelona–El Prat Airport (BCN),Retrasado,20.3(06:50),13.1(09:00),16.7,46(08:10),30(15:20),12.5,0.0,12.5,0.0,0.0
06/11/2025,09:30,Iberia Airlines - IB5161,Aeropuerto de Sevilla (SVQ),Josep Tarradellas Barcelona–El Prat Airport (BCN),Retrasado,20.3(06:50),13.1(09:00),16.7,46(08:10),30(15:20),12.5,0.0,12.5,0.0,0.0
06/11/2025,09:30,American Airlines - AA8851,Aeropuerto de Sevilla (SVQ),Josep Tarradellas Barcelona–El Prat Airport (BCN),Retrasado,20.3(06:50),13.1(09:00),16.7,46(08:10),30(15:20),12.5,0.0,12.5,0.0,0.0
06/11/2025,09:30,Vueling Airlines - VY2211,Aeropuerto de Sevilla (SVQ),Josep Tarradellas Barcelona–El Prat Airport (BCN),Retrasado,20.3(06:50),13.1(09:00),16.7,46(08:10),30(15:20),12.5,0.0,12.5,0.0,0.0
06/11/2025,09:30,Qatar Airways - QR3695,Aeropuerto de Sevilla (SVQ),Josep Tarradellas Barcelona–El Prat Airport (BCN),Retrasado,20.3(06:50),13.1(09:00),16.7,46(08:10),30(15:20),12.5,0.0,12.5,0.0,0.0
06/11/2025,09:25,Iberia Airlines - IB5492,Aeropuerto de Menorca (MAH),Josep Tarradellas Barcelona–El Prat Airport (BCN),Retrasado,20.3(06:50),13.1(09:00),16.7,46(08:10),30(15:20),12.5,0.0,12.5,0.0,0.0
06/11/2025,09:25,Vueling Airlines - VY3711,Aeropuerto de Menorca (MAH),Josep Tarradellas Barcelona–El Prat Airport (BCN),Retrasado,20.3(06:50),13.1(09:00),16.7,46(08:10),30(15:20),12.5,0.0,12.5,0.0,0.0
06/11/2025,09:25,Qatar Airways - QR3671,Aeropuerto de Menorca (MAH),Josep Tarradellas Barcelona–El Prat Airport (BCN),Retrasado,20.3(06:50),13.1(09:00),16.7,46(08:10),30(15:20),12.5,0.0,12.5,0.0,0.0
06/11/2025,09:00,Vueling Airlines - VY1291,Aeropuerto de La Coruña (LCG),Josep Tarradellas Barcelona–El Prat Airport (BCN),Retrasado,20.3(06:50),13.1(09:00),16.7,46(08:10),30(15:20),12.5,0.0,12.5,0.0,0.0
06/11/2025,09:00,Vueling Airlines - VY1291,Aeropuerto de La Coruña (LCG),Josep Tarradellas Barcelona–El Prat Airport (BCN),Retrasado,20.3(06:50),13.1(09:00),16.7,46(08:10),30(15:20),12.5,0.0,12.5,0.0,0.0
06/11/2025,09:00,Qatar Airways - QR3702,Nice-Côte d'Azur Airport (NCE),Josep Tarradellas Barcelona–El Prat Airport (BCN),Cancelado,20.3(06:50),13.1(09:00),16.7,46(08:10),30(15:20),12.5,0.0,12.5,0.0,0.0
06/11/2025,09:00,Vueling Airlines - VY1516,Nice-Côte d'Azur Airport (NCE),Josep Tarradellas Barcelona–El Prat Airport (BCN),Cancelado,20.3(06:50),13.1(09:00),16.7,46(08:10),30(15:20),12.5,0.0,12.5,0.0,0.0
06/11/2025,09:00,Iberia Airlines - IB5149,Nice-Côte d'Azur Airport (NCE),Josep Tarradellas Barcelona–El Prat Airport (BCN),Cancelado,20.3(06:50),13.1(09:00),16.7,46(08:10),30(15:20),12.5,0.0,12.5,0.0,0.0
06/11/2025,09:00,Qatar Airways - QR3689,Aeropuerto de La Coruña (LCG),Josep Tarradellas Barcelona–El Prat Airport (BCN),Retrasado,20.3(06:50),13.1(09:00),16.7,46(08:10),30(15:20),12.5,0.0,12.5,0.0,0.0
06/11/2025,09:00,Iberia Airlines - IB5565,Aeropuerto de La Coruña (LCG),Josep Tarradellas Barcelona–El Prat Airport (BCN),Retrasado,20.3(06:50),13.1(09:00),16.7,46(08:10),30(15:20),12.5,0.0,12.5,0.0,0.0
06/11/2025,08:50,Air Canada - AC2702,Lisbon Portela Airport (LIS),Josep Tarradellas Barcelona–El Prat Airport (BCN),Cancelado,20.3(06:50),13.1(09:00),16.7,46(08:10),30(15:20),12.5,0.0,12.5,0.0,0.0
06/11/2025,08:50,Azul Brazilian Airlines - AD7277,Lisbon Portela Airport (LIS),Josep Tarradellas Barcelona–El Prat Airport (BCN),Cancelado,20.3(06:50),13.1(09:00),16.7,46(08:10),30(15:20),12.5,0.0,12.5,0.0,0.0
06/11/2025,08:50,EgyptAir - MS9422,Lisbon Portela Airport (LIS),Josep Tarradellas Barcelona–El Prat Airport (BCN),Cancelado,20.3(06:50),13.1(09:00),16.7,46(08:10),30(15:20),12.5,0.0,12.5,0.0,0.0
06/11/2025,08:50,Azores Airlines (Sata International) - S48710,Lisbon Portela Airport (LIS),Josep Tarradellas Barcelona–El Prat Airport (BCN),Cancelado,20.3(06:50),13.1(09:00),16.7,46(08:10),30(15:20),12.5,0.0,12.5,0.0,0.0
06/11/2025,08:50,TAP Air Portugal - TP1032,Lisbon Portela Airport (LIS),Josep Tarradellas Barcelona–El Prat Airport (BCN),Cancelado,20.3(06:50),13.1(09:00),16.7,46(08:10),30(15:20),12.5,0.0,12.5,0.0,0.0
06/11/2025,08:35,Thai Airways International - TG9036,Istanbul Yeni Havalimani (IST),Josep Tarradellas Barcelona–El Prat Airport (BCN),Retrasado,20.3(06:50),13.1(09:00),16.7,46(08:10),30(15:20),12.5,0.0,12.5,0.0,0.0
06/11/2025,08:35,IndiGo - 6E4353,Istanbul Yeni Havalimani (IST),Josep Tarradellas Barcelona–El Prat Airport (BCN),Retrasado,20.3(06:50),13.1(09:00),16.7,46(08:10),30(15:20),12.5,0.0,12.5,0.0,0.0
06/11/2025,08:35,Turkish Airlines - TK1853,Istanbul Yeni Havalimani (IST),Josep Tarradellas Barcelona–El Prat Airport (BCN),Retrasado,20.3(06:50),13.1(09:00),16.7,46(08:10),30(15:20),12.5,0.0,12.5,0.0,0.0
06/11/2025,08:35,Uzbekistan Airways - HY7293,Istanbul Yeni Havalimani (IST),Josep Tarradellas Barcelona–El Prat Airport (BCN),Retrasado,20.3(06:50),13.1(09:00),16.7,46(08:10),30(15:20),12.5,0.0,12.5,0.0,0.0
06/11/2025,08:35,Avianca - AV6615,Istanbul Yeni Havalimani (IST),Josep Tarradellas Barcelona–El Prat Airport (BCN),Retrasado,20.3(06:50),13.1(09:00),16.7,46(08:10),30(15:20),12.5,0.0,12.5,0.0,0.0
06/11/2025,08:25,Iberia Airlines - IB407,Aeropuerto Adolfo Suárez Madrid-Barajas (MAD),Josep Tarradellas Barcelona–El Prat Airport (BCN),Cancelado,20.3(06:50),13.1(09:00),16.7,46(08:10),30(15:20),12.5,0.0,12.5,0.0,0.0
06/11/2025,08:25,LATAM Airlines Group - LA1521,Aeropuerto Adolfo Suárez Madrid-Barajas (MAD),Josep Tarradellas Barcelona–El Prat Airport (BCN),Cancelado,20.3(06:50),13.1(09:00),16.7,46(08:10),30(15:20),12.5,0.0,12.5,0.0,0.0
06/11/2025,08:25,Qatar Airways - QR5090,Aeropuerto Adolfo Suárez Madrid-Barajas (MAD),Josep Tarradellas Barcelona–El Prat Airport (BCN),Cancelado,20.3(06:50),13.1(09:00),16.7,46(08:10),30(15:20),12.5,0.0,12.5,0.0,0.0
06/11/2025,08:25,American Airlines - AA8775,Aeropuerto Adolfo Suárez Madrid-Barajas (MAD),Josep Tarradellas Barcelona–El Prat Airport (BCN),Cancelado,20.3(06:50),13.1(09:00),16.7,46(08:10),30(15:20),12.5,0.0,12.5,0.0,0.0
06/11/2025,08:15,Iberia Airlines - IB5249,Lyon Saint-Exupéry Airport (LYS),Josep Tarradellas Barcelona–El Prat Airport (BCN),Cancelado,20.3(06:50),13.1(09:00),16.7,46(08:10),30(15:20),12.5,0.0,12.5,0.0,0.0
06/11/2025,08:15,Vueling Airlines - VY1221,Lyon Saint-Exupéry Airport (LYS),Josep Tarradellas Barcelona–El Prat Airport (BCN),Cancelado,20.3(06:50),13.1(09:00),16.7,46(08:10),30(15:20),12.5,0.0,12.5,0.0,0.0
06/11/2025,08:15,Qatar Airways - QR3700,Lyon Saint-Exupéry Airport (LYS),Josep Tarradellas Barcelona–El Prat Airport (BCN),Cancelado,20.3(06:50),13.1(09:00),16.7,46(08:10),30(15:20),12.5,0.0,12.5,0.0,0.0
06/11/2025,07:40,Air New Zealand - NZ3378,Malpensa International Airport (MXP),Josep Tarradellas Barcelona–El Prat Airport (BCN),Retrasado,20.3(06:50),13.1(09:00),16.7,46(08:10),30(15:20),12.5,0.0,12.5,0.0,0.0
06/11/2025,07:40,Vueling Airlines - VY6105,Fiumicino Airport (FCO),Josep Tarradellas Barcelona–El Prat Airport (BCN),Retrasado,20.3(06:50),13.1(09:00),16.7,46(08:10),30(15:20),12.5,0.0,12.5,0.0,0.0
06/11/2025,07:40,TAP Air Portugal - TP8410,Malpensa International Airport (MXP),Josep Tarradellas Barcelona–El Prat Airport (BCN),Retrasado,20.3(06:50),13.1(09:00),16.7,46(08:10),30(15:20),12.5,0.0,12.5,0.0,0.0
06/11/2025,07:40,Qatar Airways - QR3639,Fiumicino Airport (FCO),Josep Tarradellas Barcelona–El Prat Airport (BCN),Retrasado,20.3(06:50),13.1(09:00),16.7,46(08:10),30(15:20),12.5,0.0,12.5,0.0,0.0
06/11/2025,07:40,Vueling Airlines - VY6105,Fiumicino Airport (FCO),Josep Tarradellas Barcelona–El Prat Airport (BCN),Retrasado,20.3(06:50),13.1(09:00),16.7,46(08:10),30(15:20),12.5,0.0,12.5,0.0,0.0
06/11/2025,07:40,Iberia Airlines - IB5053,Fiumicino Airport (FCO),Josep Tarradellas Barcelona–El Prat Airport (BCN),Retrasado,20.3(06:50),13.1(09:00),16.7,46(08:10),30(15:20),12.5,0.0,12.5,0.0,0.0
06/11/2025,07:40,Singapore Airlines - SQ378,Malpensa International Airport (MXP),Josep Tarradellas Barcelona–El Prat Airport (BCN),Retrasado,20.3(06:50),13.1(09:00),16.7,46(08:10),30(15:20),12.5,0.0,12.5,0.0,0.0
06/11/2025,07:40,Avianca - AV6557,Malpensa International Airport (MXP),Josep Tarradellas Barcelona–El Prat Airport (BCN),Retrasado,20.3(06:50),13.1(09:00),16.7,46(08:10),30(15:20),12.5,0.0,12.5,0.0,0.0
06/11/2025,07:40,Singapore Airlines - SQ378,Malpensa International Airport (MXP),Josep Tarradellas Barcelona–El Prat Airport (BCN),Retrasado,20.3(06:50),13.1(09:00),16.7,46(08:10),30(15:20),12.5,0.0,12.5,0.0,0.0
06/11/2025,07:40,Iberia Airlines - IB405,Aeropuerto Adolfo Suárez Madrid-Barajas (MAD),Josep Tarradellas Barcelona–El Prat Airport (BCN),Cancelado,20.3(06:50),13.1(09:00),16.7,46(08:10),30(15:20),12.5,0.0,12.5,0.0,0.0
06/11/2025,07:40,Malaysia Airlines - MH5752,Malpensa International Airport (MXP),Josep Tarradellas Barcelona–El Prat Airport (BCN),Retrasado,20.3(06:50),13.1(09:00),16.7,46(08:10),30(15:20),12.5,0.0,12.5,0.0,0.0
06/11/2025,07:40,Vueling Airlines - VY5023,Aeropuerto Adolfo Suárez Madrid-Barajas (MAD),Josep Tarradellas Barcelona–El Prat Airport (BCN),Cancelado,20.3(06:50),13.1(09:00),16.7,46(08:10),30(15:20),12.5,0.0,12.5,0.0,0.0
06/11/2025,07:40,LATAM Airlines Group - LA1520,Aeropuerto Adolfo Suárez Madrid-Barajas (MAD),Josep Tarradellas Barcelona–El Prat Airport (BCN),Cancelado,20.3(06:50),13.1(09:00),16.7,46(08:10),30(15:20),12.5,0.0,12.5,0.0,0.0
06/11/2025,07:40,Finnair - AY5585,Aeropuerto Adolfo Suárez Madrid-Barajas (MAD),Josep Tarradellas Barcelona–El Prat Airport (BCN),Cancelado,20.3(06:50),13.1(09:00),16.7,46(08:10),30(15:20),12.5,0.0,12.5,0.0,0.0
06/11/2025,07:40,Avianca - AV6126,Aeropuerto Adolfo Suárez Madrid-Barajas (MAD),Josep Tarradellas Barcelona–El Prat Airport (BCN),Cancelado,20.3(06:50),13.1(09:00),16.7,46(08:10),30(15:20),12.5,0.0,12.5,0.0,0.0
06/11/2025,07:40,Qatar Airways - QR8070,Aeropuerto Adolfo Suárez Madrid-Barajas (MAD),Josep Tarradellas Barcelona–El Prat Airport (BCN),Cancelado,20.3(06:50),13.1(09:00),16.7,46(08:10),30(15:20),12.5,0.0,12.5,0.0,0.0
06/11/2025,07:40,American Airlines - AA8552,Aeropuerto Adolfo Suárez Madrid-Barajas (MAD),Josep Tarradellas Barcelona–El Prat Airport (BCN),Cancelado,20.3(06:50),13.1(09:00),16.7,46(08:10),30(15:20),12.5,0.0,12.5,0.0,0.0
06/11/2025,07:35,Turkish Airlines - TK1853,Istanbul Yeni Havalimani (IST),Josep Tarradellas Barcelona–El Prat Airport (BCN),Retrasado,20.3(06:50),13.1(09:00),16.7,46(08:10),30(15:20),12.5,0.0,12.5,0.0,0.0
06/11/2025,07:15,Transavia France - TO4750,Aeropuerto Paris-Orly (ORY),Josep Tarradellas Barcelona–El Prat Airport (BCN),Cancelado,20.3(06:50),13.1(09:00),16.7,46(08:10),30(15:20),12.5,0.0,12.5,0.0,0.0
06/11/2025,07:10,LOT Polish Airlines - LO4716,Lisbon Portela Airport (LIS),Josep Tarradellas Barcelona–El Prat Airport (BCN),Cancelado,20.3(06:50),13.1(09:00),16.7,46(08:10),30(15:20),12.5,0.0,12.5,0.0,0.0
06/11/2025,07:10,Azul Brazilian Airlines - AD7275,Lisbon Portela Airport (LIS),Josep Tarradellas Barcelona–El Prat Airport (BCN),Cancelado,20.3(06:50),13.1(09:00),16.7,46(08:10),30(15:20),12.5,0.0,12.5,0.0,0.0
06/11/2025,07:10,Aegean Airlines - A31728,Lisbon Portela Airport (LIS),Josep Tarradellas Barcelona–El Prat Airport (BCN),Cancelado,20.3(06:50),13.1(09:00),16.7,46(08:10),30(15:20),12.5,0.0,12.5,0.0,0.0
06/11/2025,07:10,Azores Airlines (Sata International) - S48042,Lisbon Portela Airport (LIS),Josep Tarradellas Barcelona–El Prat Airport (BCN),Cancelado,20.3(06:50),13.1(09:00),16.7,46(08:10),30(15:20),12.5,0.0,12.5,0.0,0.0
06/11/2025,07:10,Lufthansa - LH1124,Frankfurt am Main International Airport (FRA),Josep Tarradellas Barcelona–El Prat Airport (BCN),Retrasado,20.3(06:50),13.1(09:00),16.7,46(08:10),30(15:20),12.5,0.0,12.5,0.0,0.0
06/11/2025,07:10,Air China - CA7053,Lisbon Portela Airport (LIS),Josep Tarradellas Barcelona–El Prat Airport (BCN),Cancelado,20.3(06:50),13.1(09:00),16.7,46(08:10),30(15:20),12.5,0.0,12.5,0.0,0.0
06/11/2025,07:10,United Airlines - UA6873,Lisbon Portela Airport (LIS),Josep Tarradellas Barcelona–El Prat Airport (BCN),Cancelado,20.3(06:50),13.1(09:00),16.7,46(08:10),30(15:20),12.5,0.0,12.5,0.0,0.0
06/11/2025,07:10,Avianca - AV2501,Lisbon Portela Airport (LIS),Josep Tarradellas Barcelona–El Prat Airport (BCN),Cancelado,20.3(06:50),13.1(09:00),16.7,46(08:10),30(15:20),12.5,0.0,12.5,0.0,0.0
06/11/2025,07:10,TAP Air Portugal - TP1030,Lisbon Portela Airport (LIS),Josep Tarradellas Barcelona–El Prat Airport (BCN),Cancelado,20.3(06:50),13.1(09:00),16.7,46(08:10),30(15:20),12.5,0.0,12.5,0.0,0.0
06/11/2025,07:10,United Airlines - UA8804,Frankfurt am Main International Airport (FRA),Josep Tarradellas Barcelona–El Prat Airport (BCN),Retrasado,20.3(06:50),13.1(09:00),16.7,46(08:10),30(15:20),12.5,0.0,12.5,0.0,0.0
06/11/2025,07:10,Lufthansa - LH1124,Frankfurt am Main International Airport (FRA),Josep Tarradellas Barcelona–El Prat Airport (BCN),Retrasado,20.3(06:50),13.1(09:00),16.7,46(08:10),30(15:20),12.5,0.0,12.5,0.0,0.0
06/11/2025,07:10,Thai Airways International - TG7654,Frankfurt am Main International Airport (FRA),Josep Tarradellas Barcelona–El Prat Airport (BCN),Retrasado,20.3(06:50),13.1(09:00),16.7,46(08:10),30(15:20),12.5,0.0,12.5,0.0,0.0
06/11/2025,07:10,All Nippon Airways - NH5441,Frankfurt am Main International Airport (FRA),Josep Tarradellas Barcelona–El Prat Airport (BCN),Retrasado,20.3(06:50),13.1(09:00),16.7,46(08:10),30(15:20),12.5,0.0,12.5,0.0,0.0
06/11/2025,07:10,Ethiopian Airlines - ET1557,Frankfurt am Main International Airport (FRA),Josep Tarradellas Barcelona–El Prat Airport (BCN),Retrasado,20.3(06:50),13.1(09:00),16.7,46(08:10),30(15:20),12.5,0.0,12.5,0.0,0.0
06/11/2025,07:05,Vueling Airlines - VY5010,Aeropuerto Adolfo Suárez Madrid-Barajas (MAD),Josep Tarradellas Barcelona–El Prat Airport (BCN),Cancelado,20.3(06:50),13.1(09:00),16.7,46(08:10),30(15:20),12.5,0.0,12.5,0.0,0.0
06/11/2025,07:05,LATAM Airlines Group - LA1519,Aeropuerto Adolfo Suárez Madrid-Barajas (MAD),Josep Tarradellas Barcelona–El Prat Airport (BCN),Cancelado,20.3(06:50),13.1(09:00),16.7,46(08:10),30(15:20),12.5,0.0,12.5,0.0,0.0
06/11/2025,07:05,Finnair - AY5573,Aeropuerto Adolfo Suárez Madrid-Barajas (MAD),Josep Tarradellas Barcelona–El Prat Airport (BCN),Cancelado,20.3(06:50),13.1(09:00),16.7,46(08:10),30(15:20),12.5,0.0,12.5,0.0,0.0
06/11/2025,07:05,Avianca - AV6028,Aeropuerto Adolfo Suárez Madrid-Barajas (MAD),Josep Tarradellas Barcelona–El Prat Airport (BCN),Cancelado,20.3(06:50),13.1(09:00),16.7,46(08:10),30(15:20),12.5,0.0,12.5,0.0,0.0
06/11/2025,07:05,Iberia Airlines - IB403,Aeropuerto Adolfo Suárez Madrid-Barajas (MAD),Josep Tarradellas Barcelona–El Prat Airport (BCN),Cancelado,20.3(06:50),13.1(09:00),16.7,46(08:10),30(15:20),12.5,0.0,12.5,0.0,0.0
06/11/2025,07:05,Qatar Airways - QR6857,Aeropuerto Adolfo Suárez Madrid-Barajas (MAD),Josep Tarradellas Barcelona–El Prat Airport (BCN),Cancelado,20.3(06:50),13.1(09:00),16.7,46(08:10),30(15:20),12.5,0.0,12.5,0.0,0.0
06/11/2025,07:00,Vueling Airlines - VY8308,Aeropuerto Ámsterdam Schiphol (AMS),Josep Tarradellas Barcelona–El Prat Airport (BCN),Retrasado,20.3(06:50),13.1(09:00),16.7,46(08:10),30(15:20),12.5,0.0,12.5,0.0,0.0
06/11/2025,07:00,Vueling Airlines - VY8308,Aeropuerto Ámsterdam Schiphol (AMS),Josep Tarradellas Barcelona–El Prat Airport (BCN),Retrasado,20.3(06:50),13.1(09:00),16.7,46(08:10),30(15:20),12.5,0.0,12.5,0.0,0.0
06/11/2025,07:00,Qatar Airways - QR4687,Aeropuerto Ámsterdam Schiphol (AMS),Josep Tarradellas Barcelona–El Prat Airport (BCN),Retrasado,20.3(06:50),13.1(09:00),16.7,46(08:10),30(15:20),12.5,0.0,12.5,0.0,0.0
06/11/2025,07:00,Iberia Airlines - IB5222,Aeropuerto Ámsterdam Schiphol (AMS),Josep Tarradellas Barcelona–El Prat Airport (BCN),Retrasado,20.3(06:50),13.1(09:00),16.7,46(08:10),30(15:20),12.5,0.0,12.5,0.0,0.0
06/11/2025,07:00,Qatar Airways - QR3512,Aeropuerto Internacional de Alicante (ALC),Josep Tarradellas Barcelona–El Prat Airport (BCN),Cancelado,20.3(06:50),13.1(09:00),16.7,46(08:10),30(15:20),12.5,0.0,12.5,0.0,0.0
06/11/2025,07:00,Iberia Airlines - IB5263,Aeropuerto Internacional de Alicante (ALC),Josep Tarradellas Barcelona–El Prat Airport (BCN),Cancelado,20.3(06:50),13.1(09:00),16.7,46(08:10),30(15:20),12.5,0.0,12.5,0.0,0.0
06/11/2025,07:00,Vueling Airlines - VY1303,Aeropuerto Internacional de Alicante (ALC),Josep Tarradellas Barcelona–El Prat Airport (BCN),Cancelado,20.3(06:50),13.1(09:00),16.7,46(08:10),30(15:20),12.5,0.0,12.5,0.0,0.0
06/11/2025,06:45,Qatar Airways - QR3757,Aeropuerto de Málaga (AGP),Josep Tarradellas Barcelona–El Prat Airport (BCN),Cancelado,20.3(06:50),13.1(09:00),16.7,46(08:10),30(15:20),12.5,0.0,12.5,0.0,0.0
06/11/2025,06:45,Vueling Airlines - VY2110,Aeropuerto de Málaga (AGP),Josep Tarradellas Barcelona–El Prat Airport (BCN),Cancelado,20.3(06:50),13.1(09:00),16.7,46(08:10),30(15:20),12.5,0.0,12.5,0.0,0.0
06/11/2025,06:45,Iberia Airlines - IB5144,Aeropuerto de Málaga (AGP),Josep Tarradellas Barcelona–El Prat Airport (BCN),Cancelado,20.3(06:50),13.1(09:00),16.7,46(08:10),30(15:20),12.5,0.0,12.5,0.0,0.0
06/11/2025,06:40,Avianca - AV6029,Aeropuerto Adolfo Suárez Madrid-Barajas (MAD),Josep Tarradellas Barcelona–El Prat Airport (BCN),Cancelado,20.3(06:50),13.1(09:00),16.7,46(08:10),30(15:20),12.5,0.0,12.5,0.0,0.0
06/11/2025,06:40,Qatar Airways - QR8002,Aeropuerto Adolfo Suárez Madrid-Barajas (MAD),Josep Tarradellas Barcelona–El Prat Airport (BCN),Cancelado,20.3(06:50),13.1(09:00),16.7,46(08:10),30(15:20),12.5,0.0,12.5,0.0,0.0
06/11/2025,06:40,Iberia Airlines - IB401,Aeropuerto Adolfo Suárez Madrid-Barajas (MAD),Josep Tarradellas Barcelona–El Prat Airport (BCN),Cancelado,20.3(06:50),13.1(09:00),16.7,46(08:10),30(15:20),12.5,0.0,12.5,0.0,0.0
06/11/2025,06:40,Vueling Airlines - VY5006,Aeropuerto Adolfo Suárez Madrid-Barajas (MAD),Josep Tarradellas Barcelona–El Prat Airport (BCN),Cancelado,20.3(06:50),13.1(09:00),16.7,46(08:10),30(15:20),12.5,0.0,12.5,0.0,0.0
06/11/2025,06:40,LATAM Airlines Group - LA1518,Aeropuerto Adolfo Suárez Madrid-Barajas (MAD),Josep Tarradellas Barcelona–El Prat Airport (BCN),Cancelado,20.3(06:50),13.1(09:00),16.7,46(08:10),30(15:20),12.5,0.0,12.5,0.0,0.0
06/11/2025,06:40,TAAG Angola Airlines - DT6002,Aeropuerto Adolfo Suárez Madrid-Barajas (MAD),Josep Tarradellas Barcelona–El Prat Airport (BCN),Cancelado,20.3(06:50),13.1(09:00),16.7,46(08:10),30(15:20),12.5,0.0,12.5,0.0,0.0
06/11/2025,06:40,Finnair - AY5571,Aeropuerto Adolfo Suárez Madrid-Barajas (MAD),Josep Tarradellas Barcelona–El Prat Airport (BCN),Cancelado,20.3(06:50),13.1(09:00),16.7,46(08:10),30(15:20),12.5,0.0,12.5,0.0,0.0
05/11/2025,19:45,Qatar Airways - QR3531,Aeropuerto de Bilbao (BIO),Josep Tarradellas Barcelona–El Prat Airport (BCN),Retrasado,20.2(12:30),12.4(02:50),16.3,33(11:30),20(03:50),2.3,0.0,0.0,2.3,0.0
05/11/2025,19:45,Vueling Airlines - VY1433,Aeropuerto de Bilbao (BIO),Josep Tarradellas Barcelona–El Prat Airport (BCN),Retrasado,20.2(12:30),12.4(02:50),16.3,33(11:30),20(03:50),2.3,0.0,0.0,2.3,0.0
05/11/2025,19:45,Iberia Airlines - IB5433,Aeropuerto de Bilbao (BIO),Josep Tarradellas Barcelona–El Prat Airport (BCN),Retrasado,20.2(12:30),12.4(02:50),16.3,33(11:30),20(03:50),2.3,0.0,0.0,2.3,0.0
05/11/2025,19:45,Vueling Airlines - VY1433,Aeropuerto de Bilbao (BIO),Josep Tarradellas Barcelona–El Prat Airport (BCN),Retrasado,20.2(12:30),12.4(02:50),16.3,33(11:30),20(03:50),2.3,0.0,0.0,2.3,0.0
05/11/2025,17:30,Vueling Airlines - VY1593,Aeropuerto de Santander (SDR),Josep Tarradellas Barcelona–El Prat Airport (BCN),Retrasado,20.2(12:30),12.4(02:50),16.3,33(11:30),20(03:50),2.3,0.0,0.0,2.3,0.0
05/11/2025,17:30,Iberia Airlines - IB5289,Aeropuerto de Santander (SDR),Josep Tarradellas Barcelona–El Prat Airport (BCN),Retrasado,20.2(12:30),12.4(02:50),16.3,33(11:30),20(03:50),2.3,0.0,0.0,2.3,0.0
05/11/2025,17:30,Qatar Airways - QR3665,Aeropuerto de Santander (SDR),Josep Tarradellas Barcelona–El Prat Airport (BCN),Retrasado,20.2(12:30),12.4(02:50),16.3,33(11:30),20(03:50),2.3,0.0,0.0,2.3,0.0
05/11/2025,09:50,Qatar Airways - QR3653,Peretola Airport (FLR),Josep Tarradellas Barcelona–El Prat Airport (BCN),Retrasado,20.2(12:30),12.4(02:50),16.3,33(11:30),20(03:50),2.3,0.0,0.0,2.3,0.0
05/11/2025,09:50,Vueling Airlines - VY6007,Peretola Airport (FLR),Josep Tarradellas Barcelona–El Prat Airport (BCN),Retrasado,20.2(12:30),12.4(02:50),16.3,33(11:30),20(03:50),2.3,0.0,0.0,2.3,0.0
05/11/2025,09:50,American Airlines - AA8879,Peretola Airport (FLR),Josep Tarradellas Barcelona–El Prat Airport (BCN),Retrasado,20.2(12:30),12.4(02:50),16.3,33(11:30),20(03:50),2.3,0.0,0.0,2.3,0.0
05/11/2025,09:50,Iberia Airlines - IB5183,Peretola Airport (FLR),Josep Tarradellas Barcelona–El Prat Airport (BCN),Retrasado,20.2(12:30),12.4(02:50),16.3,33(11:30),20(03:50),2.3,0.0,0.0,2.3,0.0
05/11/2025,09:50,Vueling Airlines - VY6007,Peretola Airport (FLR),Josep Tarradellas Barcelona–El Prat Airport (BCN),Retrasado,20.2(12:30),12.4(02:50),16.3,33(11:30),20(03:50),2.3,0.0,0.0,2.3,0.0
05/11/2025,09:10,Qatar Airways - QR3689,Aeropuerto de La Coruña (LCG),Josep Tarradellas Barcelona–El Prat Airport (BCN),Retrasado,20.2(12:30),12.4(02:50),16.3,33(11:30),20(03:50),2.3,0.0,0.0,2.3,0.0
05/11/2025,09:10,Vueling Airlines - VY1291,Aeropuerto de La Coruña (LCG),Josep Tarradellas Barcelona–El Prat Airport (BCN),Retrasado,20.2(12:30),12.4(02:50),16.3,33(11:30),20(03:50),2.3,0.0,0.0,2.3,0.0
05/11/2025,09:10,Iberia Airlines - IB5565,Aeropuerto de La Coruña (LCG),Josep Tarradellas Barcelona–El Prat Airport (BCN),Retrasado,20.2(12:30),12.4(02:50),16.3,33(11:30),20(03:50),2.3,0.0,0.0,2.3,0.0
04/11/2025,23:45,Vueling Airlines - VY9798,"John F Kennedy, USA (JFK)",Josep Tarradellas Barcelona–El Prat Airport (BCN),Cancelado,21.4(13:00),10.8(06:40),16.1,30(05:10),24(05:50),0.0,0.0,0.0,0.0,0.0
04/11/2025,23:45,Iberia Airlines - IB2628,"John F Kennedy, USA (JFK)",Josep Tarradellas Barcelona–El Prat Airport (BCN),Cancelado,21.4(13:00),10.8(06:40),16.1,30(05:10),24(05:50),0.0,0.0,0.0,0.0,0.0
04/11/2025,23:45,Qatar Airways - QR5373,"John F Kennedy, USA (JFK)",Josep Tarradellas Barcelona–El Prat Airport (BCN),Cancelado,21.4(13:00),10.8(06:40),16.1,30(05:10),24(05:50),0.0,0.0,0.0,0.0,0.0
04/11/2025,23:45,American Airlines - AA8794,"John F Kennedy, USA (JFK)",Josep Tarradellas Barcelona–El Prat Airport (BCN),Cancelado,21.4(13:00),10.8(06:40),16.1,30(05:10),24(05:50),0.0,0.0,0.0,0.0,0.0
04/11/2025,21:55,Vueling Airlines - VY8985,Aeropuertos de Bruselas (BRU),Josep Tarradellas Barcelona–El Prat Airport (BCN),Cancelado,21.4(13:00),10.8(06:40),16.1,30(05:10),24(05:50),0.0,0.0,0.0,0.0,0.0
04/11/2025,21:55,Iberia Airlines - IB5035,Aeropuertos de Bruselas (BRU),Josep Tarradellas Barcelona–El Prat Airport (BCN),Cancelado,21.4(13:00),10.8(06:40),16.1,30(05:10),24(05:50),0.0,0.0,0.0,0.0,0.0
03/11/2025,13:00,Avianca - AV6146,Aeropuerto Adolfo Suárez Madrid-Barajas (MAD),Josep Tarradellas Barcelona–El Prat Airport (BCN),Retrasado,20.5(14:10),12.0(06:10),16.3,37(09:30),24(07:30),0.0,0.0,0.0,0.0,0.0
03/11/2025,13:00,LATAM Airlines Group - LA5401,Aeropuerto Adolfo Suárez Madrid-Barajas (MAD),Josep Tarradellas Barcelona–El Prat Airport (BCN),Retrasado,20.5(14:10),12.0(06:10),16.3,37(09:30),24(07:30),0.0,0.0,0.0,0.0,0.0
03/11/2025,13:00,Cathay Pacific - CX1841,Aeropuerto Adolfo Suárez Madrid-Barajas (MAD),Josep Tarradellas Barcelona–El Prat Airport (BCN),Retrasado,20.5(14:10),12.0(06:10),16.3,37(09:30),24(07:30),0.0,0.0,0.0,0.0,0.0
03/11/2025,13:00,Vueling Airlines - VY5050,Aeropuerto Adolfo Suárez Madrid-Barajas (MAD),Josep Tarradellas Barcelona–El Prat Airport (BCN),Retrasado,20.5(14:10),12.0(06:10),16.3,37(09:30),24(07:30),0.0,0.0,0.0,0.0,0.0
03/11/2025,13:00,American Airlines - AA8710,Aeropuerto Adolfo Suárez Madrid-Barajas (MAD),Josep Tarradellas Barcelona–El Prat Airport (BCN),Retrasado,20.5(14:10),12.0(06:10),16.3,37(09:30),24(07:30),0.0,0.0,0.0,0.0,0.0
03/11/2025,13:00,Iberia Airlines - IB413,Aeropuerto Adolfo Suárez Madrid-Barajas (MAD),Josep Tarradellas Barcelona–El Prat Airport (BCN),Retrasado,20.5(14:10),12.0(06:10),16.3,37(09:30),24(07:30),0.0,0.0,0.0,0.0,0.0
03/11/2025,13:00,Qatar Airways - QR6939,Aeropuerto Adolfo Suárez Madrid-Barajas (MAD),Josep Tarradellas Barcelona–El Prat Airport (BCN),Retrasado,20.5(14:10),12.0(06:10),16.3,37(09:30),24(07:30),0.0,0.0,0.0,0.0,0.0
03/11/2025,09:55,Level - IB2606,Comodoro Arturo Merino Benítez International Airport (SCL),Josep Tarradellas Barcelona–El Prat Airport (BCN),Retrasado,20.5(14:10),12.0(06:10),16.3,37(09:30),24(07:30),0.0,0.0,0.0,0.0,0.0
03/11/2025,06:40,Iberia Airlines - IB5195,Aeropuerto Paris-Orly (ORY),Josep Tarradellas Barcelona–El Prat Airport (BCN),Retrasado,20.5(14:10),12.0(06:10),16.3,37(09:30),24(07:30),0.0,0.0,0.0,0.0,0.0
03/11/2025,06:40,Vueling Airlines - VY8005,Aeropuerto Paris-Orly (ORY),Josep Tarradellas Barcelona–El Prat Airport (BCN),Retrasado,20.5(14:10),12.0(06:10),16.3,37(09:30),24(07:30),0.0,0.0,0.0,0.0,0.0
02/11/2025,12:35,Qatar Airways - QR3670,Fiumicino Airport (FCO),Josep Tarradellas Barcelona–El Prat Airport (BCN),Retrasado,24.6(13:50),14.3(23:50),19.5,39(11:50),24(11:50),0.0,0.0,0.0,0.0,0.0
02/11/2025,11:40,Qatar Airways - QR5538,Aeropuerto Paris-Orly (ORY),Josep Tarradellas Barcelona–El Prat Airport (BCN),Cancelado,24.6(13:50),14.3(23:50),19.5,39(11:50),24(11:50),0.0,0.0,0.0,0.0,0.0
02/11/2025,11:40,Iberia Airlines - IB5201,Aeropuerto Paris-Orly (ORY),Josep Tarradellas Barcelona–El Prat Airport (BCN),Cancelado,24.6(13:50),14.3(23:50),19.5,39(11:50),24(11:50),0.0,0.0,0.0,0.0,0.0
02/11/2025,11:40,Vueling Airlines - VY8011,Aeropuerto Paris-Orly (ORY),Josep Tarradellas Barcelona–El Prat Airport (BCN),Cancelado,24.6(13:50),14.3(23:50),19.5,39(11:50),24(11:50),0.0,0.0,0.0,0.0,0.0
09/11/2025,08:50,TUI Airways - BY5724,London Luton Airport (LTN),Aeropuerto de Lanzarote (ACE),Retrasado,25.9(12:00),20.4(07:30),23.1,48(00:00),38(11:50),0.00.0,0.0,0.0,0.0,0.0
08/11/2025,06:55,Transavia Airlines - HV6357,Eindhoven Airport (EIN),Aeropuerto de Lanzarote (ACE),Retrasado,26.9(12:50),19.5(05:40),23.2,59(21:40),45(21:40),0.0,0.0,0.0,0.0,0.0
07/11/2025,10:35,easyJet - U25718,Southend Airport (SEN),Aeropuerto de Lanzarote (ACE),Retrasado,26.0(12:20),17.9(05:30),21.9,50(15:40),37(15:20),0.1,0.1,0.0,0.0,0.0
05/11/2025,13:40,Transavia Airlines - HV9061,Aeropuertos de Bruselas (BRU),Aeropuerto de Tenerife Sur (TFS),Cancelado,24.8(01:30),17.5(22:50),21.1,42(06:10),33(06:40),0.0,0.0,0.0,0.0,0.0
06/11/2025,10:20,Vueling Airlines - VY3514,Josep Tarradellas Barcelona–El Prat Airport (BCN),Aeropuerto de Ibiza (IBZ),Cancelado,20.5(01:00),14.6(07:20),17.6,85(07:20),44(07:20),29.1,0.0,29.1,0.0,0.0
06/11/2025,10:20,Qatar Airways - QR3581,Josep Tarradellas Barcelona–El Prat Airport (BCN),Aeropuerto de Ibiza (IBZ),Cancelado,20.5(01:00),14.6(07:20),17.6,85(07:20),44(07:20),29.1,0.0,29.1,0.0,0.0
06/11/2025,10:20,Iberia Airlines - IB5486,Josep Tarradellas Barcelona–El Prat Airport (BCN),Aeropuerto de Ibiza (IBZ),Cancelado,20.5(01:00),14.6(07:20),17.6,85(07:20),44(07:20),29.1,0.0,29.1,0.0,0.0
02/11/2025,18:20,easyJet - U21405,Geneva Cointrin International Airport (GVA),Aeropuerto de Ibiza (IBZ),Retrasado,23.7(14:10),13.4(23:59),18.6,48(11:30),33(11:30),0.0,0.0,0.0,0.0,0.0
05/11/2025,19:20,Iberia Airlines - IB5554,Aeropuerto de Bilbao (BIO),Aeropuerto de Valencia (VLC),Cancelado,21.9(13:20),12.8(06:10),17.3,41(20:20),27(20:20),1.1,0.0,0.0,0.0,1.1
05/11/2025,19:20,Vueling Airlines - VY3968,Aeropuerto de Bilbao (BIO),Aeropuerto de Valencia (VLC),Cancelado,21.9(13:20),12.8(06:10),17.3,41(20:20),27(20:20),1.1,0.0,0.0,0.0,1.1
06/11/2025,19:45,Ryanair  - FR4013,Gothenburg-Landvetter Airport (GOT),Aeropuerto Internacional de Alicante (ALC),Retrasado,21.0(15:20),12.3(21:40),16.7,59(12:00),46(11:50),0.0,0.0,0.0,0.0,0.0
06/11/2025,19:45,Ryanair  - FR4013,Gothenburg-Landvetter Airport (GOT),Aeropuerto Internacional de Alicante (ALC),Retrasado,21.0(15:20),12.3(21:40),16.7,59(12:00),46(11:50),0.0,0.0,0.0,0.0,0.0
06/11/2025,09:00,Vueling Airlines - VY1302,Josep Tarradellas Barcelona–El Prat Airport (BCN),Aeropuerto Internacional de Alicante (ALC),Cancelado,21.0(15:20),12.3(21:40),16.7,59(12:00),46(11:50),0.0,0.0,0.0,0.0,0.0
06/11/2025,09:00,Iberia Airlines - IB5262,Josep Tarradellas Barcelona–El Prat Airport (BCN),Aeropuerto Internacional de Alicante (ALC),Cancelado,21.0(15:20),12.3(21:40),16.7,59(12:00),46(11:50),0.0,0.0,0.0,0.0,0.0
06/11/2025,09:00,Qatar Airways - QR3529,Josep Tarradellas Barcelona–El Prat Airport (BCN),Aeropuerto Internacional de Alicante (ALC),Cancelado,21.0(15:20),12.3(21:40),16.7,59(12:00),46(11:50),0.0,0.0,0.0,0.0,0.0
04/11/2025,11:15,Transavia Airlines - HV6652,Eindhoven Airport (EIN),Aeropuerto Internacional de Alicante (ALC),Retrasado,22.6(13:20),14.0(05:10),18.3,24(14:30),14(14:30),0.0,0.0,0.0,0.0,0.0
08/11/2025,08:40,Ryanair  - FR2051,Aeropuerto Adolfo Suárez Madrid-Barajas (MAD),Aeropuerto de Palma De Mallorca (PMI),Retrasado,15.8(14:30),10.0(00:00),12.9,22(15:10),14(17:30),11.9,6.9,1.9,3.0,0.1
08/11/2025,08:40,Malta air - FR2051,Aeropuerto Adolfo Suárez Madrid-Barajas (MAD),Aeropuerto de Palma De Mallorca (PMI),Retrasado,15.8(14:30),10.0(00:00),12.9,22(15:10),14(17:30),11.9,6.9,1.9,3.0,0.1
06/11/2025,11:40,Vueling Airlines - VY3908,Josep Tarradellas Barcelona–El Prat Airport (BCN),Aeropuerto de Palma De Mallorca (PMI),Cancelado,20.7(13:50),12.9(21:30),16.8,93(09:10),46(09:10),11.6,0.0,9.8,0.0,1.8
06/11/2025,11:40,Qatar Airways - QR3510,Josep Tarradellas Barcelona–El Prat Airport (BCN),Aeropuerto de Palma De Mallorca (PMI),Cancelado,20.7(13:50),12.9(21:30),16.8,93(09:10),46(09:10),11.6,0.0,9.8,0.0,1.8
06/11/2025,11:40,Iberia Airlines - IB5114,Josep Tarradellas Barcelona–El Prat Airport (BCN),Aeropuerto de Palma De Mallorca (PMI),Cancelado,20.7(13:50),12.9(21:30),16.8,93(09:10),46(09:10),11.6,0.0,9.8,0.0,1.8
05/11/2025,12:05,Swiss International Air Lines - LX2156,Aeropuerto de Zúrich (ZRH),Aeropuerto de Palma De Mallorca (PMI),Retrasado,23.9(13:30),13.4(07:40),18.6,28(13:20),16(16:10),0.7,0.7,0.0,0.0,0.0
05/11/2025,06:15,Eurowings - EW2580,Stuttgart Airport (STR),Aeropuerto de Palma De Mallorca (PMI),Retrasado,23.9(13:30),13.4(07:40),18.6,28(13:20),16(16:10),0.7,0.7,0.0,0.0,0.0
05/11/2025,06:15,Eurowings - EW2580,Stuttgart Airport (STR),Aeropuerto de Palma De Mallorca (PMI),Retrasado,23.9(13:30),13.4(07:40),18.6,28(13:20),16(16:10),0.7,0.7,0.0,0.0,0.0
04/11/2025,10:55,Eurowings - EW6891,Munich International Airport (MUC),Aeropuerto de Palma De Mallorca (PMI),Retrasado,22.2(11:50),8.2(07:00),15.2,22(15:50),15(16:30),0.0,0.0,0.0,0.0,0.0
04/11/2025,10:55,All Nippon Airways - NH5040,Munich International Airport (MUC),Aeropuerto de Palma De Mallorca (PMI),Retrasado,22.2(11:50),8.2(07:00),15.2,22(15:50),15(16:30),0.0,0.0,0.0,0.0,0.0
04/11/2025,10:55,Eurowings (Malta) - EW6891,Munich International Airport (MUC),Aeropuerto de Palma De Mallorca (PMI),Retrasado,22.2(11:50),8.2(07:00),15.2,22(15:50),15(16:30),0.0,0.0,0.0,0.0,0.0
03/11/2025,05:00,TUIfly (TUI fly Deutschland) - X32146,Hannover Airport (HAJ),Aeropuerto de Palma De Mallorca (PMI),Retrasado,21.7(14:30),10.0(06:40),15.9,26(12:40),19(14:40),0.0,0.0,0.0,0.0,0.0
02/11/2025,12:15,Eurowings - EW8592,"Berlin Brandenburg Airport ""Willy Brandt"" (BER)",Aeropuerto de Palma De Mallorca (PMI),Retrasado,24.3(12:20),13.3(23:59),18.8,35(16:00),21(14:40),0.0,0.0,0.0,0.0,0.0
02/11/2025,12:15,Eurowings (Malta) - EW8592,"Berlin Brandenburg Airport ""Willy Brandt"" (BER)",Aeropuerto de Palma De Mallorca (PMI),Retrasado,24.3(12:20),13.3(23:59),18.8,35(16:00),21(14:40),0.0,0.0,0.0,0.0,0.0
02/11/2025,06:10,SAS Scandinavian Airlines - SK1805,Stockholm-Arlanda Airport (ARN),Aeropuerto de Palma De Mallorca (PMI),Cancelado,24.3(12:20),13.3(23:59),18.8,35(16:00),21(14:40),0.0,0.0,0.0,0.0,0.0
07/11/2025,20:10,Ryanair  - FR151,Queen Alia International Airport (AMM),Aeropuerto Adolfo Suárez Madrid-Barajas (MAD),Retrasado,12.8(12:10),8.2(06:40),10.5,41(22:30),21(00:10),6.4,0.0,0.9,4.9,0.6
07/11/2025,16:00,Ryanair  - FR7755,Ibn Batouta Airport (TNG),Aeropuerto Adolfo Suárez Madrid-Barajas (MAD),Retrasado,12.8(12:10),8.2(06:40),10.5,41(22:30),21(00:10),6.4,0.0,0.9,4.9,0.6
07/11/2025,09:40,Delta Air Lines - DL9485,Aeropuerto Ámsterdam Schiphol (AMS),Aeropuerto Adolfo Suárez Madrid-Barajas (MAD),Retrasado,12.8(12:10),8.2(06:40),10.5,41(22:30),21(00:10),6.4,0.0,0.9,4.9,0.6
07/11/2025,09:40,SAS Scandinavian Airlines - SK6724,Aeropuerto Ámsterdam Schiphol (AMS),Aeropuerto Adolfo Suárez Madrid-Barajas (MAD),Retrasado,12.8(12:10),8.2(06:40),10.5,41(22:30),21(00:10),6.4,0.0,0.9,4.9,0.6
07/11/2025,09:40,KLM Royal Dutch Airlines - KL1503,Aeropuerto Ámsterdam Schiphol (AMS),Aeropuerto Adolfo Suárez Madrid-Barajas (MAD),Retrasado,12.8(12:10),8.2(06:40),10.5,41(22:30),21(00:10),6.4,0.0,0.9,4.9,0.6
07/11/2025,09:40,Air Europa - UX3768,Aeropuerto Ámsterdam Schiphol (AMS),Aeropuerto Adolfo Suárez Madrid-Barajas (MAD),Retrasado,12.8(12:10),8.2(06:40),10.5,41(22:30),21(00:10),6.4,0.0,0.9,4.9,0.6
07/11/2025,09:40,China Eastern Airlines - MU1847,Aeropuerto Ámsterdam Schiphol (AMS),Aeropuerto Adolfo Suárez Madrid-Barajas (MAD),Retrasado,12.8(12:10),8.2(06:40),10.5,41(22:30),21(00:10),6.4,0.0,0.9,4.9,0.6
07/11/2025,09:40,Xiamen Airlines - MF9652,Aeropuerto Ámsterdam Schiphol (AMS),Aeropuerto Adolfo Suárez Madrid-Barajas (MAD),Retrasado,12.8(12:10),8.2(06:40),10.5,41(22:30),21(00:10),6.4,0.0,0.9,4.9,0.6
07/11/2025,09:40,China Airlines - CI8591,Aeropuerto Ámsterdam Schiphol (AMS),Aeropuerto Adolfo Suárez Madrid-Barajas (MAD),Retrasado,12.8(12:10),8.2(06:40),10.5,41(22:30),21(00:10),6.4,0.0,0.9,4.9,0.6
07/11/2025,09:40,Kenya Airways - KQ1705,Aeropuerto Ámsterdam Schiphol (AMS),Aeropuerto Adolfo Suárez Madrid-Barajas (MAD),Retrasado,12.8(12:10),8.2(06:40),10.5,41(22:30),21(00:10),6.4,0.0,0.9,4.9,0.6
07/11/2025,09:40,Garuda Indonesia - GA9492,Aeropuerto Ámsterdam Schiphol (AMS),Aeropuerto Adolfo Suárez Madrid-Barajas (MAD),Retrasado,12.8(12:10),8.2(06:40),10.5,41(22:30),21(00:10),6.4,0.0,0.9,4.9,0.6
07/11/2025,09:40,KLM Royal Dutch Airlines - KL1503,Aeropuerto Ámsterdam Schiphol (AMS),Aeropuerto Adolfo Suárez Madrid-Barajas (MAD),Retrasado,12.8(12:10),8.2(06:40),10.5,41(22:30),21(00:10),6.4,0.0,0.9,4.9,0.6
06/11/2025,16:40,Iberia Airlines - IB6443,Helsinki Vantaa Airport (HEL),Aeropuerto Adolfo Suárez Madrid-Barajas (MAD),Retrasado,14.8(14:50),8.4(07:00),11.6,54(12:50),28(03:30),0.1,0.0,0.1,0.0,0.0
06/11/2025,16:40,Japan Airlines - JL6853,Helsinki Vantaa Airport (HEL),Aeropuerto Adolfo Suárez Madrid-Barajas (MAD),Retrasado,14.8(14:50),8.4(07:00),11.6,54(12:50),28(03:30),0.1,0.0,0.1,0.0,0.0
06/11/2025,16:40,Finnair - AY1661,Helsinki Vantaa Airport (HEL),Aeropuerto Adolfo Suárez Madrid-Barajas (MAD),Retrasado,14.8(14:50),8.4(07:00),11.6,54(12:50),28(03:30),0.1,0.0,0.1,0.0,0.0
06/11/2025,16:40,LATAM Airlines Group - LA5324,Helsinki Vantaa Airport (HEL),Aeropuerto Adolfo Suárez Madrid-Barajas (MAD),Retrasado,14.8(14:50),8.4(07:00),11.6,54(12:50),28(03:30),0.1,0.0,0.1,0.0,0.0
06/11/2025,15:05,Etihad Airways - EY4399,Guarulhos - Governador André Franco Montoro International Airport (GRU),Aeropuerto Adolfo Suárez Madrid-Barajas (MAD),Retrasado,14.8(14:50),8.4(07:00),11.6,54(12:50),28(03:30),0.1,0.0,0.1,0.0,0.0
06/11/2025,15:05,Hainan Airlines - HU8222,Guarulhos - Governador André Franco Montoro International Airport (GRU),Aeropuerto Adolfo Suárez Madrid-Barajas (MAD),Retrasado,14.8(14:50),8.4(07:00),11.6,54(12:50),28(03:30),0.1,0.0,0.1,0.0,0.0
06/11/2025,15:05,China Eastern Airlines - MU4985,Guarulhos - Governador André Franco Montoro International Airport (GRU),Aeropuerto Adolfo Suárez Madrid-Barajas (MAD),Retrasado,14.8(14:50),8.4(07:00),11.6,54(12:50),28(03:30),0.1,0.0,0.1,0.0,0.0
06/11/2025,15:05,Air Europa - UX58,Guarulhos - Governador André Franco Montoro International Airport (GRU),Aeropuerto Adolfo Suárez Madrid-Barajas (MAD),Retrasado,14.8(14:50),8.4(07:00),11.6,54(12:50),28(03:30),0.1,0.0,0.1,0.0,0.0
06/11/2025,14:15,Brussels Airlines - SN3727,Aeropuertos de Bruselas (BRU),Aeropuerto Adolfo Suárez Madrid-Barajas (MAD),Cancelado,14.8(14:50),8.4(07:00),11.6,54(12:50),28(03:30),0.1,0.0,0.1,0.0,0.0
06/11/2025,14:15,Etihad Airways - EY7267,Aeropuertos de Bruselas (BRU),Aeropuerto Adolfo Suárez Madrid-Barajas (MAD),Cancelado,14.8(14:50),8.4(07:00),11.6,54(12:50),28(03:30),0.1,0.0,0.1,0.0,0.0
06/11/2025,14:15,United Airlines - UA9977,Aeropuertos de Bruselas (BRU),Aeropuerto Adolfo Suárez Madrid-Barajas (MAD),Cancelado,14.8(14:50),8.4(07:00),11.6,54(12:50),28(03:30),0.1,0.0,0.1,0.0,0.0
06/11/2025,14:05,Air Europa - UX58,Guarulhos - Governador André Franco Montoro International Airport (GRU),Aeropuerto Adolfo Suárez Madrid-Barajas (MAD),Retrasado,14.8(14:50),8.4(07:00),11.6,54(12:50),28(03:30),0.1,0.0,0.1,0.0,0.0
06/11/2025,10:35,World2Fly - 2W9001,Josep Tarradellas Barcelona–El Prat Airport (BCN),Aeropuerto Adolfo Suárez Madrid-Barajas (MAD),Cancelado,14.8(14:50),8.4(07:00),11.6,54(12:50),28(03:30),0.1,0.0,0.1,0.0,0.0
06/11/2025,10:35,Cathay Pacific - CX1824,Josep Tarradellas Barcelona–El Prat Airport (BCN),Aeropuerto Adolfo Suárez Madrid-Barajas (MAD),Cancelado,14.8(14:50),8.4(07:00),11.6,54(12:50),28(03:30),0.1,0.0,0.1,0.0,0.0
06/11/2025,10:35,Iberia Airlines - IB408,Josep Tarradellas Barcelona–El Prat Airport (BCN),Aeropuerto Adolfo Suárez Madrid-Barajas (MAD),Cancelado,14.8(14:50),8.4(07:00),11.6,54(12:50),28(03:30),0.1,0.0,0.1,0.0,0.0
06/11/2025,10:35,Vueling Airlines - VY5056,Josep Tarradellas Barcelona–El Prat Airport (BCN),Aeropuerto Adolfo Suárez Madrid-Barajas (MAD),Cancelado,14.8(14:50),8.4(07:00),11.6,54(12:50),28(03:30),0.1,0.0,0.1,0.0,0.0
06/11/2025,10:35,Qatar Airways - QR6855,Josep Tarradellas Barcelona–El Prat Airport (BCN),Aeropuerto Adolfo Suárez Madrid-Barajas (MAD),Cancelado,14.8(14:50),8.4(07:00),11.6,54(12:50),28(03:30),0.1,0.0,0.1,0.0,0.0
06/11/2025,10:35,LATAM Airlines Group - LA1517,Josep Tarradellas Barcelona–El Prat Airport (BCN),Aeropuerto Adolfo Suárez Madrid-Barajas (MAD),Cancelado,14.8(14:50),8.4(07:00),11.6,54(12:50),28(03:30),0.1,0.0,0.1,0.0,0.0
06/11/2025,10:35,American Airlines - AA8725,Josep Tarradellas Barcelona–El Prat Airport (BCN),Aeropuerto Adolfo Suárez Madrid-Barajas (MAD),Cancelado,14.8(14:50),8.4(07:00),11.6,54(12:50),28(03:30),0.1,0.0,0.1,0.0,0.0
06/11/2025,10:35,Royal Air Maroc - AT5328,Josep Tarradellas Barcelona–El Prat Airport (BCN),Aeropuerto Adolfo Suárez Madrid-Barajas (MAD),Cancelado,14.8(14:50),8.4(07:00),11.6,54(12:50),28(03:30),0.1,0.0,0.1,0.0,0.0
06/11/2025,10:35,Avianca - AV6017,Josep Tarradellas Barcelona–El Prat Airport (BCN),Aeropuerto Adolfo Suárez Madrid-Barajas (MAD),Cancelado,14.8(14:50),8.4(07:00),11.6,54(12:50),28(03:30),0.1,0.0,0.1,0.0,0.0
06/11/2025,09:45,LATAM Airlines Group - LA5436,Josep Tarradellas Barcelona–El Prat Airport (BCN),Aeropuerto Adolfo Suárez Madrid-Barajas (MAD),Cancelado,14.8(14:50),8.4(07:00),11.6,54(12:50),28(03:30),0.1,0.0,0.1,0.0,0.0
06/11/2025,09:45,Iberia Airlines - IB406,Josep Tarradellas Barcelona–El Prat Airport (BCN),Aeropuerto Adolfo Suárez Madrid-Barajas (MAD),Cancelado,14.8(14:50),8.4(07:00),11.6,54(12:50),28(03:30),0.1,0.0,0.1,0.0,0.0
06/11/2025,09:45,Avianca - AV6001,Josep Tarradellas Barcelona–El Prat Airport (BCN),Aeropuerto Adolfo Suárez Madrid-Barajas (MAD),Cancelado,14.8(14:50),8.4(07:00),11.6,54(12:50),28(03:30),0.1,0.0,0.1,0.0,0.0
06/11/2025,09:45,American Airlines - AA8722,Josep Tarradellas Barcelona–El Prat Airport (BCN),Aeropuerto Adolfo Suárez Madrid-Barajas (MAD),Cancelado,14.8(14:50),8.4(07:00),11.6,54(12:50),28(03:30),0.1,0.0,0.1,0.0,0.0
06/11/2025,09:45,Qatar Airways - QR6850,Josep Tarradellas Barcelona–El Prat Airport (BCN),Aeropuerto Adolfo Suárez Madrid-Barajas (MAD),Cancelado,14.8(14:50),8.4(07:00),11.6,54(12:50),28(03:30),0.1,0.0,0.1,0.0,0.0
06/11/2025,09:15,Vueling Airlines - VY5030,Josep Tarradellas Barcelona–El Prat Airport (BCN),Aeropuerto Adolfo Suárez Madrid-Barajas (MAD),Cancelado,14.8(14:50),8.4(07:00),11.6,54(12:50),28(03:30),0.1,0.0,0.1,0.0,0.0
06/11/2025,09:15,LATAM Airlines Group - LA1515,Josep Tarradellas Barcelona–El Prat Airport (BCN),Aeropuerto Adolfo Suárez Madrid-Barajas (MAD),Cancelado,14.8(14:50),8.4(07:00),11.6,54(12:50),28(03:30),0.1,0.0,0.1,0.0,0.0
06/11/2025,09:15,Japan Airlines - JL7868,Josep Tarradellas Barcelona–El Prat Airport (BCN),Aeropuerto Adolfo Suárez Madrid-Barajas (MAD),Cancelado,14.8(14:50),8.4(07:00),11.6,54(12:50),28(03:30),0.1,0.0,0.1,0.0,0.0
06/11/2025,09:15,Royal Air Maroc - AT5326,Josep Tarradellas Barcelona–El Prat Airport (BCN),Aeropuerto Adolfo Suárez Madrid-Barajas (MAD),Cancelado,14.8(14:50),8.4(07:00),11.6,54(12:50),28(03:30),0.1,0.0,0.1,0.0,0.0
06/11/2025,09:15,Avianca - AV6000,Josep Tarradellas Barcelona–El Prat Airport (BCN),Aeropuerto Adolfo Suárez Madrid-Barajas (MAD),Cancelado,14.8(14:50),8.4(07:00),11.6,54(12:50),28(03:30),0.1,0.0,0.1,0.0,0.0
06/11/2025,09:15,Iberia Airlines - IB404,Josep Tarradellas Barcelona–El Prat Airport (BCN),Aeropuerto Adolfo Suárez Madrid-Barajas (MAD),Cancelado,14.8(14:50),8.4(07:00),11.6,54(12:50),28(03:30),0.1,0.0,0.1,0.0,0.0
06/11/2025,09:15,Qatar Airways - QR5092,Josep Tarradellas Barcelona–El Prat Airport (BCN),Aeropuerto Adolfo Suárez Madrid-Barajas (MAD),Cancelado,14.8(14:50),8.4(07:00),11.6,54(12:50),28(03:30),0.1,0.0,0.1,0.0,0.0
06/11/2025,09:15,American Airlines - AA8622,Josep Tarradellas Barcelona–El Prat Airport (BCN),Aeropuerto Adolfo Suárez Madrid-Barajas (MAD),Cancelado,14.8(14:50),8.4(07:00),11.6,54(12:50),28(03:30),0.1,0.0,0.1,0.0,0.0
06/11/2025,09:15,Japan Airlines - JL7868,Josep Tarradellas Barcelona–El Prat Airport (BCN),Aeropuerto Adolfo Suárez Madrid-Barajas (MAD),Cancelado,14.8(14:50),8.4(07:00),11.6,54(12:50),28(03:30),0.1,0.0,0.1,0.0,0.0
06/11/2025,08:50,Japan Airlines - JL7866,Josep Tarradellas Barcelona–El Prat Airport (BCN),Aeropuerto Adolfo Suárez Madrid-Barajas (MAD),Cancelado,14.8(14:50),8.4(07:00),11.6,54(12:50),28(03:30),0.1,0.0,0.1,0.0,0.0
06/11/2025,08:50,American Airlines - AA8763,Josep Tarradellas Barcelona–El Prat Airport (BCN),Aeropuerto Adolfo Suárez Madrid-Barajas (MAD),Cancelado,14.8(14:50),8.4(07:00),11.6,54(12:50),28(03:30),0.1,0.0,0.1,0.0,0.0
06/11/2025,08:50,Qatar Airways - QR8003,Josep Tarradellas Barcelona–El Prat Airport (BCN),Aeropuerto Adolfo Suárez Madrid-Barajas (MAD),Cancelado,14.8(14:50),8.4(07:00),11.6,54(12:50),28(03:30),0.1,0.0,0.1,0.0,0.0
06/11/2025,08:50,Vueling Airlines - VY5025,Josep Tarradellas Barcelona–El Prat Airport (BCN),Aeropuerto Adolfo Suárez Madrid-Barajas (MAD),Cancelado,14.8(14:50),8.4(07:00),11.6,54(12:50),28(03:30),0.1,0.0,0.1,0.0,0.0
06/11/2025,08:50,Iberia Airlines - IB402,Josep Tarradellas Barcelona–El Prat Airport (BCN),Aeropuerto Adolfo Suárez Madrid-Barajas (MAD),Cancelado,14.8(14:50),8.4(07:00),11.6,54(12:50),28(03:30),0.1,0.0,0.1,0.0,0.0
06/11/2025,08:50,Avianca - AV6007,Josep Tarradellas Barcelona–El Prat Airport (BCN),Aeropuerto Adolfo Suárez Madrid-Barajas (MAD),Cancelado,14.8(14:50),8.4(07:00),11.6,54(12:50),28(03:30),0.1,0.0,0.1,0.0,0.0
06/11/2025,08:50,Japan Airlines - JL7866,Josep Tarradellas Barcelona–El Prat Airport (BCN),Aeropuerto Adolfo Suárez Madrid-Barajas (MAD),Cancelado,14.8(14:50),8.4(07:00),11.6,54(12:50),28(03:30),0.1,0.0,0.1,0.0,0.0
05/11/2025,21:05,Air Europa - UX34,Punta Cana International Airport (PUJ),Aeropuerto Adolfo Suárez Madrid-Barajas (MAD),Retrasado,17.3(15:40),9.7(07:30),13.5,58(18:40),34(18:40),0.9,0.0,0.0,0.3,0.6
05/11/2025,20:05,Air Europa - UX34,Punta Cana International Airport (PUJ),Aeropuerto Adolfo Suárez Madrid-Barajas (MAD),Retrasado,17.3(15:40),9.7(07:30),13.5,58(18:40),34(18:40),0.9,0.0,0.0,0.3,0.6
05/11/2025,19:55,LATAM Airlines Group - LA1615,Aeropuerto Ámsterdam Schiphol (AMS),Aeropuerto Adolfo Suárez Madrid-Barajas (MAD),Cancelado,17.3(15:40),9.7(07:30),13.5,58(18:40),34(18:40),0.9,0.0,0.0,0.3,0.6
05/11/2025,19:55,Air Baltic - BT5227,Aeropuerto Ámsterdam Schiphol (AMS),Aeropuerto Adolfo Suárez Madrid-Barajas (MAD),Cancelado,17.3(15:40),9.7(07:30),13.5,58(18:40),34(18:40),0.9,0.0,0.0,0.3,0.6
05/11/2025,19:55,Finnair - AY5566,Aeropuerto Ámsterdam Schiphol (AMS),Aeropuerto Adolfo Suárez Madrid-Barajas (MAD),Cancelado,17.3(15:40),9.7(07:30),13.5,58(18:40),34(18:40),0.9,0.0,0.0,0.3,0.6
05/11/2025,19:55,Iberia Airlines - IB734,Aeropuerto Ámsterdam Schiphol (AMS),Aeropuerto Adolfo Suárez Madrid-Barajas (MAD),Cancelado,17.3(15:40),9.7(07:30),13.5,58(18:40),34(18:40),0.9,0.0,0.0,0.3,0.6
05/11/2025,19:55,Vueling Airlines - VY5827,Aeropuerto Ámsterdam Schiphol (AMS),Aeropuerto Adolfo Suárez Madrid-Barajas (MAD),Cancelado,17.3(15:40),9.7(07:30),13.5,58(18:40),34(18:40),0.9,0.0,0.0,0.3,0.6
05/11/2025,19:45,Air Canada - AC3728,Newark Liberty International Airport (EWR),Aeropuerto Adolfo Suárez Madrid-Barajas (MAD),Cancelado,17.3(15:40),9.7(07:30),13.5,58(18:40),34(18:40),0.9,0.0,0.0,0.3,0.6
05/11/2025,19:45,United Airlines - UA51,Newark Liberty International Airport (EWR),Aeropuerto Adolfo Suárez Madrid-Barajas (MAD),Cancelado,17.3(15:40),9.7(07:30),13.5,58(18:40),34(18:40),0.9,0.0,0.0,0.3,0.6
05/11/2025,19:45,Brussels Airlines - SN9027,Newark Liberty International Airport (EWR),Aeropuerto Adolfo Suárez Madrid-Barajas (MAD),Cancelado,17.3(15:40),9.7(07:30),13.5,58(18:40),34(18:40),0.9,0.0,0.0,0.3,0.6
05/11/2025,19:45,Lufthansa - LH7970,Newark Liberty International Airport (EWR),Aeropuerto Adolfo Suárez Madrid-Barajas (MAD),Cancelado,17.3(15:40),9.7(07:30),13.5,58(18:40),34(18:40),0.9,0.0,0.0,0.3,0.6
05/11/2025,15:00,Vueling Airlines - VY5695,Aeropuerto de Melilla (MLN),Aeropuerto Adolfo Suárez Madrid-Barajas (MAD),Retrasado,17.3(15:40),9.7(07:30),13.5,58(18:40),34(18:40),0.9,0.0,0.0,0.3,0.6
05/11/2025,15:00,Iberia Airlines - IB2295,Aeropuerto de Melilla (MLN),Aeropuerto Adolfo Suárez Madrid-Barajas (MAD),Retrasado,17.3(15:40),9.7(07:30),13.5,58(18:40),34(18:40),0.9,0.0,0.0,0.3,0.6
05/11/2025,15:00,Qatar Airways - QR6551,Aeropuerto de Melilla (MLN),Aeropuerto Adolfo Suárez Madrid-Barajas (MAD),Retrasado,17.3(15:40),9.7(07:30),13.5,58(18:40),34(18:40),0.9,0.0,0.0,0.3,0.6
05/11/2025,08:45,Iberia Airlines - IB807,Václav Havel Airport Prague (PRG),Aeropuerto Adolfo Suárez Madrid-Barajas (MAD),Retrasado,17.3(15:40),9.7(07:30),13.5,58(18:40),34(18:40),0.9,0.0,0.0,0.3,0.6
05/11/2025,07:00,Vueling Airlines - VY5232,Aeropuertos de Bruselas (BRU),Aeropuerto Adolfo Suárez Madrid-Barajas (MAD),Cancelado,17.3(15:40),9.7(07:30),13.5,58(18:40),34(18:40),0.9,0.0,0.0,0.3,0.6
05/11/2025,07:00,Iberia Airlines - IB604,Aeropuertos de Bruselas (BRU),Aeropuerto Adolfo Suárez Madrid-Barajas (MAD),Cancelado,17.3(15:40),9.7(07:30),13.5,58(18:40),34(18:40),0.9,0.0,0.0,0.3,0.6
05/11/2025,07:00,Japan Airlines - JL6944,Aeropuertos de Bruselas (BRU),Aeropuerto Adolfo Suárez Madrid-Barajas (MAD),Cancelado,17.3(15:40),9.7(07:30),13.5,58(18:40),34(18:40),0.9,0.0,0.0,0.3,0.6
05/11/2025,07:00,American Airlines - AA8516,Aeropuertos de Bruselas (BRU),Aeropuerto Adolfo Suárez Madrid-Barajas (MAD),Cancelado,17.3(15:40),9.7(07:30),13.5,58(18:40),34(18:40),0.9,0.0,0.0,0.3,0.6
05/11/2025,07:00,LATAM Airlines Group - LA5444,Aeropuertos de Bruselas (BRU),Aeropuerto Adolfo Suárez Madrid-Barajas (MAD),Cancelado,17.3(15:40),9.7(07:30),13.5,58(18:40),34(18:40),0.9,0.0,0.0,0.3,0.6
05/11/2025,07:00,Japan Airlines - JL6944,Aeropuertos de Bruselas (BRU),Aeropuerto Adolfo Suárez Madrid-Barajas (MAD),Cancelado,17.3(15:40),9.7(07:30),13.5,58(18:40),34(18:40),0.9,0.0,0.0,0.3,0.6
04/11/2025,21:00,Brussels Airlines - SN3731,Aeropuertos de Bruselas (BRU),Aeropuerto Adolfo Suárez Madrid-Barajas (MAD),Cancelado,20.1(16:00),3.7(05:40),11.9,21(11:40),13(22:10),0.0,0.0,0.0,0.0,0.0
04/11/2025,19:45,Iberia Airlines - IB602,Aeropuertos de Bruselas (BRU),Aeropuerto Adolfo Suárez Madrid-Barajas (MAD),Retrasado,20.1(16:00),3.7(05:40),11.9,21(11:40),13(22:10),0.0,0.0,0.0,0.0,0.0
04/11/2025,07:25,American Airlines - AA8577,Aeropuerto Paris-Orly (ORY),Aeropuerto Adolfo Suárez Madrid-Barajas (MAD),Retrasado,20.1(16:00),3.7(05:40),11.9,21(11:40),13(22:10),0.0,0.0,0.0,0.0,0.0
04/11/2025,07:25,LATAM Airlines Group - LA5417,Aeropuerto Paris-Orly (ORY),Aeropuerto Adolfo Suárez Madrid-Barajas (MAD),Retrasado,20.1(16:00),3.7(05:40),11.9,21(11:40),13(22:10),0.0,0.0,0.0,0.0,0.0
04/11/2025,07:25,Iberia Airlines - IB584,Aeropuerto Paris-Orly (ORY),Aeropuerto Adolfo Suárez Madrid-Barajas (MAD),Retrasado,20.1(16:00),3.7(05:40),11.9,21(11:40),13(22:10),0.0,0.0,0.0,0.0,0.0
04/11/2025,07:25,Vueling Airlines - VY5135,Aeropuerto Paris-Orly (ORY),Aeropuerto Adolfo Suárez Madrid-Barajas (MAD),Retrasado,20.1(16:00),3.7(05:40),11.9,21(11:40),13(22:10),0.0,0.0,0.0,0.0,0.0
04/11/2025,07:25,Qatar Airways - QR6588,Aeropuerto Paris-Orly (ORY),Aeropuerto Adolfo Suárez Madrid-Barajas (MAD),Retrasado,20.1(16:00),3.7(05:40),11.9,21(11:40),13(22:10),0.0,0.0,0.0,0.0,0.0
03/11/2025,19:45,United Airlines - UA51,Newark Liberty International Airport (EWR),Aeropuerto Adolfo Suárez Madrid-Barajas (MAD),Retrasado,20.0(16:30),3.8(06:30),11.9,24(13:40),14(05:10),0.0,0.0,0.0,0.0,0.0
03/11/2025,19:45,Brussels Airlines - SN9027,Newark Liberty International Airport (EWR),Aeropuerto Adolfo Suárez Madrid-Barajas (MAD),Retrasado,20.0(16:30),3.8(06:30),11.9,24(13:40),14(05:10),0.0,0.0,0.0,0.0,0.0
03/11/2025,19:45,United Airlines - UA51,Newark Liberty International Airport (EWR),Aeropuerto Adolfo Suárez Madrid-Barajas (MAD),Retrasado,20.0(16:30),3.8(06:30),11.9,24(13:40),14(05:10),0.0,0.0,0.0,0.0,0.0
03/11/2025,19:45,Air Canada - AC3728,Newark Liberty International Airport (EWR),Aeropuerto Adolfo Suárez Madrid-Barajas (MAD),Retrasado,20.0(16:30),3.8(06:30),11.9,24(13:40),14(05:10),0.0,0.0,0.0,0.0,0.0
03/11/2025,19:45,Lufthansa - LH7970,Newark Liberty International Airport (EWR),Aeropuerto Adolfo Suárez Madrid-Barajas (MAD),Retrasado,20.0(16:30),3.8(06:30),11.9,24(13:40),14(05:10),0.0,0.0,0.0,0.0,0.0
03/11/2025,15:05,LATAM Airlines Group - LA1557,Josep Tarradellas Barcelona–El Prat Airport (BCN),Aeropuerto Adolfo Suárez Madrid-Barajas (MAD),Retrasado,20.0(16:30),3.8(06:30),11.9,24(13:40),14(05:10),0.0,0.0,0.0,0.0,0.0
03/11/2025,15:05,Cathay Pacific - CX1914,Josep Tarradellas Barcelona–El Prat Airport (BCN),Aeropuerto Adolfo Suárez Madrid-Barajas (MAD),Retrasado,20.0(16:30),3.8(06:30),11.9,24(13:40),14(05:10),0.0,0.0,0.0,0.0,0.0
03/11/2025,15:05,Iberia Airlines - IB414,Josep Tarradellas Barcelona–El Prat Airport (BCN),Aeropuerto Adolfo Suárez Madrid-Barajas (MAD),Retrasado,20.0(16:30),3.8(06:30),11.9,24(13:40),14(05:10),0.0,0.0,0.0,0.0,0.0
03/11/2025,15:05,Qatar Airways - QR6557,Josep Tarradellas Barcelona–El Prat Airport (BCN),Aeropuerto Adolfo Suárez Madrid-Barajas (MAD),Retrasado,20.0(16:30),3.8(06:30),11.9,24(13:40),14(05:10),0.0,0.0,0.0,0.0,0.0
03/11/2025,15:05,Royal Air Maroc - AT5336,Josep Tarradellas Barcelona–El Prat Airport (BCN),Aeropuerto Adolfo Suárez Madrid-Barajas (MAD),Retrasado,20.0(16:30),3.8(06:30),11.9,24(13:40),14(05:10),0.0,0.0,0.0,0.0,0.0
03/11/2025,15:05,Vueling Airlines - VY5062,Josep Tarradellas Barcelona–El Prat Airport (BCN),Aeropuerto Adolfo Suárez Madrid-Barajas (MAD),Retrasado,20.0(16:30),3.8(06:30),11.9,24(13:40),14(05:10),0.0,0.0,0.0,0.0,0.0
02/11/2025,14:15,Qatar Airways - QR5059,Carrasco International /General C L Berisso Airport (MVD),Aeropuerto Adolfo Suárez Madrid-Barajas (MAD),Retrasado,18.8(16:10),8.3(23:59),13.5,28(04:30),21(04:30),0.0,0.0,0.0,0.0,0.0
02/11/2025,14:15,British Airways - BA4212,Carrasco International /General C L Berisso Airport (MVD),Aeropuerto Adolfo Suárez Madrid-Barajas (MAD),Retrasado,18.8(16:10),8.3(23:59),13.5,28(04:30),21(04:30),0.0,0.0,0.0,0.0,0.0
09/11/2025,07:50,SAS Scandinavian Airlines - SK1819,Stockholm-Arlanda Airport (ARN),Aeropuerto de Gran Canaria (LPA),Cancelado,23.3(12:10),20.8(09:10),22.1,46(00:30),38(11:00),0.90.9,0.0,0.0,0.0,0.0
07/11/2025,11:45,SAS Scandinavian Airlines - SK2837,Copenhagen Kastrup Airport (CPH),Aeropuerto de Gran Canaria (LPA),Cancelado,25.3(11:40),19.1(05:00),22.2,50(14:50),40(16:10),0.1,0.1,0.0,0.0,0.0
